Angle,P(v15),aG_2_x,aG_2_y,aG_4_x,aG_4_y,alp_2,alp_4,F_24_x,F_24_y,F_32,F_42_x,F_42_y,T_13,L_AB
0,40.0,-2.096678390486291,0.834893390702217,-4.455735579356215,0.8348933907022169,19.499430791852514,22.57297160920787,47.365317845515214,314.2867161058768,403.13782141581794,47.365317845515214,314.2867161058768,9.518515573368314,70
1,40.0,-2.0602450753652373,0.7956481495477212,-4.341928921319056,0.7956481495477212,19.06514675667023,21.104568202469885,47.146381167640214,294.86207699490757,384.0313839222679,47.146381167640214,294.86207699490757,9.317381558254372,70
2,40.0,-2.0245154086208137,0.7569413989841445,-4.230950700151107,0.7569413989841444,18.639269311420385,19.67274042710311,46.9332490148603,276.0065928012152,365.67163845676214,46.9332490148603,276.0065928012152,9.107103092362443,70
3,40.0,-1.9894639955786655,0.7187774500434001,-4.12275513092086,0.7187774500434001,18.22163384170483,18.277429020628414,46.72585263526055,257.71637921802954,348.04141028129203,46.72585263526055,257.71637921802954,8.889107276518768,70
4,40.0,-1.9550660986604456,0.6811597156066375,-4.017292993962339,0.6811597156066375,17.812075032974494,16.918471465910343,46.52411350731705,239.9859466005869,331.12256953586774,46.52411350731705,239.9859466005869,8.664719761154071,70
5,40.0,-1.9212976385499536,0.6440907829924677,-3.914512074462273,0.6440907829924678,17.410427241673254,15.595612744001588,46.32794443676576,222.8083924343332,314.8962241669914,46.32794443676576,222.8083924343332,8.43516803724735,70
6,40.0,-1.8881351930227188,0.6075724819134968,-3.814357575990173,0.6075724819134969,17.01652483083693,14.308515501551199,46.13725059253454,206.17558169775745,299.3428955981907,46.13725059253454,206.17558169775745,8.201585103959209,70
7,40.0,-1.855555993716209,0.5716059480467237,-3.716772507716345,0.5716059480467235,16.630202472774002,13.056769620178072,45.95193048060169,190.07831500323118,284.4426777549182,45.95193048060169,190.07831500323118,7.96501342315519,70
8,40.0,-1.823537921092696,0.5361916824551204,-3.621698045365254,0.5361916824551204,16.251295421288116,11.839901183353161,45.77187685544629,174.50648456261078,270.1753801674613,45.77187685544629,174.50648456261078,7.726409080938786,70
9,40.0,-1.792059497823612,0.5013296070890958,-3.529073866209959,0.5013296070890958,15.879639755743913,10.657380843304832,45.5969775694424,159.4492181609875,256.52065595808017,45.5969775694424,159.4492181609875,7.486646085840199,70
10,40.0,-1.7610998808028875,0.4670191165877033,-3.438838458630249,0.4670191165877031,15.51507259912772,9.508631596340086,45.42711636113042,144.89501143404394,243.4581155759461,45.42711636113042,144.89501143404394,7.246520742333158,70
11,40.0,-1.730638851977043,0.43325912659045623,-3.3509294069355686,0.43325912659045623,15.157432312111496,8.39303597984485,45.26217358378024,130.83184883426316,230.9674271789865,45.26217358378024,130.83184883426316,7.006756046801542,70
12,40.0,-1.7006568081617994,0.40004811876161017,-3.265283652297849,0.40004811876161006,14.80655866499453,7.3099427081832875,45.10202687605339,117.2473137411472,219.02840457873694,45.10202687605339,117.2473137411472,6.768006060903149,70
13,40.0,-1.6711347499982854,0.3673841827197263,-3.1818377307514947,0.3673841827197262,14.462292989269152,6.258672767844234,44.94655177688182,104.12868822284855,207.62108366568893,44.94655177688182,104.12868822284855,6.530860224451974,70
14,40.0,-1.6420542701868044,0.3352650550564474,-3.100527989302441,0.3352650550564474,14.124478310437663,5.238524994580905,44.79562228691986,91.46304299352799,196.72578822121875,44.79562228691986,91.46304299352799,6.295847576457052,70
15,40.0,-1.613397541122106,0.30368815561959434,-3.021290781247768,0.30368815561959434,13.79295946359398,4.248781157037216,44.64911137909963,79.23731813434284,186.32318600039912,44.64911137909963,79.23731813434284,6.063440858821908,70
16,40.0,-1.5851473020413884,0.2726506212271033,-2.9440626418457123,0.27265062122710326,13.46758319317756,3.288710572540465,44.506891460939784,67.43839515827857,176.39433594007423,44.506891460939784,67.43839515827857,5.834060482443691,70
17,40.0,-1.557286845784634,0.2421493369699109,-2.868780445495701,0.24214933696991087,13.148198238207344,2.357574281439448,44.36883479132691,56.05316100182368,166.92072731044095,44.36883479132691,56.05316100182368,5.608078340083212,70
18,40.0,-1.5298000052561707,0.21218096525372274,-2.7953815455919306,0.21218096525372276,12.834655404209489,1.4546288066528346,44.23481385451872,45.06856452141505,157.88431158769447,44.23481385451872,45.06856452141505,5.385821454440074,70
19,40.0,-1.50267113966676,0.1827419727217127,-2.7238038982050137,0.18274197272171272,12.526807622965418,0.5791295250329103,44.10470169411237,34.47166606113069,149.26752778153673,44.10470169411237,34.47166606113069,5.167575453400541,70
20,40.0,-1.475885120626573,0.1538286551925285,-2.6539861707258887,0.15382865519252847,12.224510001123823,-0.26966632320062645,43.97837220968689,24.249680641544042,141.05332190568294,43.97837220968689,24.249680641544042,4.953587867468972,70
21,40.0,-1.44942731815147,0.12543716074065675,-2.5858678365773926,0.1254371607406567,11.927619858643897,-1.0924969612836521,43.85570041877084,14.390015299183858,133.22516123300596,43.85570041877084,14.390015299183858,4.744071246990456,70
22,40.0,-1.4232835866376317,0.09756351103910751,-2.5193892570628136,0.09756351103910754,11.635996757964794,-1.8900937140839318,43.73656268670929,4.880301082612375,125.76704393042068,43.73656268670929,4.880301082612375,4.539206098962872,70
23,40.0,-1.3974402508530135,0.07020362107761634,-2.4544917513793783,0.07020362107761635,11.349502524729385,-2.663178933641672,43.62083692691302,-4.291579814376106,118.66350462273657,43.62083692691302,-4.291579814376106,4.339143645063226,70
24,40.0,-1.3718840919880473,0.04335331736307967,-2.3911176557792038,0.04335331736307968,11.068001260827536,-3.412464189107378,43.50840277386952,-13.137471328798162,111.89961639001466,43.50840277386952,-13.137471328798162,4.1440084040143415,70
25,40.0,-1.346602333802599,0.017008354702748307,-2.32921037281206,0.017008354702748252,10.791359350465804,-4.1386486992099485,43.39914173118547,-21.66892478774264,105.4609896598747,43.39914173118547,-21.66892478774264,3.953900602631639,70
26,40.0,-1.32158262890125,-0.008835568335200304,-2.2687144115342854,-0.008835568335200328,10.519445459915818,-4.842417986538151,43.29293729681346,-29.897183752682615,99.33376841500552,43.29293729681346,-29.897183752682615,3.7688984208501095,70
27,40.0,-1.2968130451645468,-0.03418279519469595,-2.2095754195173907,-0.03418279519469586,10.252130531543049,-5.524442734095897,43.18967506749729,-37.83317207834326,93.50462409706805,43.18967506749729,-37.83317207834326,3.5890600767719683,70
28,40.0,-1.2722820523598213,-0.05903769825475089,-2.151740207438853,-0.05903769825475097,9.989287772670227,-6.185377825778751,43.089242824349455,-45.487484842806914,87.96074755136698,43.089242824349455,-45.487484842806914,3.4144257583243736,70
29,40.0,-1.2479785089516098,-0.08340466682377239,-2.095156766987074,-0.0834046668237724,9.730792639785955,-6.825861553598333,42.99153060135479,-52.870381831933805,82.6898393222044,42.99153060135479,-52.870381831933805,3.2450194085021535,70
30,40.0,-1.2238916491284164,-0.10728809613141085,-2.0397742827628518,-0.10728809613141088,9.476522818568064,-7.4465149756421845,42.89643073847598,-59.99178328661573,77.68009857672251,42.89643073847598,-59.99178328661573,3.080850371416205,70
31,40.0,-1.2000110700596667,-0.1306923772487054,-1.9855431388114122,-0.13069237724870536,9.226358200153346,-8.047941409887228,42.80383792092113,-66.86126764569352,72.92021090529734,42.80383792092113,-66.86126764569352,2.9219149064964585,70
32,40.0,-1.176326719394072,-0.15362188787158304,-1.9324149203724315,-0.15362188787158298,8.980180854050086,-8.630726050078898,42.71364920602175,-73.48807104047066,68.39933521910218,42.71364920602175,-73.48807104047066,2.768197578228275,70
33,40.0,-1.152828883008285,-0.17608098390684224,-1.880342411390632,-0.17608098390684218,8.737874998057059,-9.195435690937888,42.625764039061664,-79.8810883185602,64.10708994025933,42.625764039061664,-79.8810883185602,2.6196725287502622,70
34,40.0,-1.1295081730126457,-0.1980739918035965,-1.8292795882868145,-0.19807399180359647,8.499326965522418,-9.742618550959836,42.54008425929427,-86.04887539529841,60.033538656936926,42.54008425929427,-86.04887539529841,2.476304640524435,70
35,40.0,-1.1063555160189211,-0.21960520157678406,-1.7791816104484668,-0.21960520157678415,8.26442517024754,-10.272804182025407,42.456514097287105,-91.99965275011076,56.16917539473629,42.456514097287105,-91.99965275011076,2.338050596120096,70
36,40.0,-1.0833621416733166,-0.24067886047276535,-1.7300048078606907,-0.2406788604727655,8.033060069315056,-10.786503455938606,42.37496016463976,-97.74130990305399,52.504909636630444,42.37496016463976,-97.74130990305399,2.204859841941768,70
37,40.0,-1.0605195714565543,-0.26129916723025964,-1.6817066662619489,-0.26129916723025964,7.805124124096075,-11.284208618858209,42.29533143703308,-103.28141072329088,49.03205120644931,42.29533143703308,-103.28141072329088,2.0766754624891868,70
38,40.0,-1.0378196077514839,-0.2814702668929011,-1.6342458101750534,-0.2814702668929011,7.580511759669066,-11.76639340538193,42.21753923148496,-108.62719943653975,45.74229511532576,42.21753923148496,-108.62719943653975,1.953434971471601,70
39,40.0,-1.015254323177586,-0.30119624613256335,-1.5875819841320342,-0.30119624613256324,7.359119322862403,-12.233513204784735,42.14149717861043,-113.78560721260529,42.62770645652006,42.14149717861043,-113.78560721260529,1.8350710258173213,70
40,40.0,-0.9928160501906766,-0.32048112904527076,-1.541676032381776,-0.3204811290452707,7.140845039113303,-12.686005272603886,42.067121190611225,-118.76325922701265,39.68070542148994,42.067121190611225,-118.76325922701265,1.7215120683278413,70
41,40.0,-0.9704973709452597,-0.3393288733840626,-1.4964898773416975,-0.3393288733840625,6.925588968318188,-13.124288981404245,41.99432942565277,-123.56648210257808,36.894052498870195,41.99432942565277,-123.56648210257808,1.6126829044295854,70
42,40.0,-0.9482911074161842,-0.3577433671955327,-1.451986497029046,-0.3577433671955328,6.713252959833117,-13.548766105151659,41.923042249223485,-128.2013116475361,34.26083390804502,41.923042249223485,-128.2013116475361,1.5085052181789482,70
43,40.0,-0.9261903117755966,-0.3757284258290061,-1.4081299016836368,-0.3757284258290061,6.5037406067678445,-13.95982113216979,41.85318219301302,-132.67350081664657,31.77444731014341,41.85318219301302,-132.67350081664657,1.4088980323816216,70
44,40.0,-0.9041882570206018,-0.39328778928940494,-1.3648851097719747,-0.39328778928940483,6.296957199703131,-14.357821602160021,41.78467391179286,-136.98852783060306,29.42858783146268,41.78467391179286,-136.98852783060306,1.313778117397964,70
45,40.0,-0.8822784278465315,-0.41042511990682057,-1.3222181235423491,-0.41042511990682057,6.092809679947926,-14.743118463228221,41.71744413873211,-141.151604397125,27.217234427416514,41.71744413873211,-141.151604397125,1.2230603529237734,70
46,40.0,-0.8604545117603111,-0.42714400029765426,-1.2800959042819806,-0.4271440002976543,5.891206592441265,-15.11604644528605,41.651421639536395,-145.16768398437992,25.13463660905068,41.651421639536395,-145.16768398437992,1.1366580467630623,70
47,40.0,-0.8387103904280364,-0.44344793159391155,-1.2384863474101306,-0.4434479315939116,5.692058038392677,-15.47692444658289,41.58653716575486,-149.04147010392896,23.175301548867015,41.58653716575486,-149.04147010392896,1.054483214346579,70
48,40.0,-0.8170401312505888,-0.4593403319188665,-1.1973582575254444,-0.4593403319188665,5.495275627744855,-15.826055930478615,41.52272340756255,-152.77742456626595,21.33398157808016,41.52272340756255,-152.77742456626595,0.9764468224982434,70
49,40.0,-0.7954379791608442,-0.4748245350888205,-1.1566813235114175,-0.4748245350888205,5.300772431532911,-16.163729329889478,41.45991494628902,-156.37977567728328,19.605662083426974,41.45991494628902,-156.37977567728328,0.9024590007117471,70
50,40.0,-0.7738983486358566,-0.4899037895221174,-1.116426093790794,-0.4899037895221174,5.108462934206124,-16.490218457132283,41.398048206932444,-159.85252634869943,17.98554980819534,41.398048206932444,-159.85252634869943,0.8324292229718332,70
51,40.0,-0.7524158159172051,-0.504581257337893,-1.0765639518077088,-0.5045812573378932,4.918262985970008,-16.805782917156854,41.3370614108683,-163.19946209966656,16.469061559173138,41.3370614108683,-163.19946209966656,0.7662664629391299,70
52,40.0,-0.730985111432591,-0.5188600136283129,-1.037067091805499,-0.5188600136283129,4.730089755199391,-17.110668522397102,41.27689452893508,-166.42415893049994,15.051813318689835,41.27689452893508,-166.42415893049994,0.703879325114008,70
53,40.0,-0.7096011124116662,-0.5327430458891971,-0.9979084949581973,-0.532743045889197,4.543861680966469,-17.40510770768691,41.2174892350545,-169.52999105275785,13.729609758781102,41.2174892350545,-169.52999105275785,0.6451761544035229,70
54,40.0,-0.688258835689007,-0.5462332535950578,-0.9590619059046642,-0.5462332535950579,4.359498425721586,-17.689319943882495,41.15878886052145,-172.52013846281204,12.498434152705958,41.15878886052145,-172.52013846281204,0.5900651263357601,70
55,40.0,-0.6669534306871208,-0.5593334479055714,-0.9205018097262079,-0.5593334479055714,4.176920828159025,-17.963512149006885,41.100738349078696,-175.39759434859383,11.354438677553146,41.100738349078696,-175.39759434859383,0.5384543199978185,70
56,40.0,-0.6456801725723349,-0.5720463514915064,-0.8822034094010504,-0.5720463514915063,3.996050856294663,-18.22787909589028,41.04328421287242,-178.16517232145281,10.293935100434835,41.04328421287242,-178.16517232145281,0.4902517756160326,70
57,40.0,-0.6244344555764318,-0.5843745984689976,-0.8441426037623506,-0.5843745984689975,3.8168115607778477,-18.48260381541893,40.9863744893683,-180.82551346700458,9.313385839774652,40.9863744893683,-180.82551346700458,0.44536553855056005,70
58,40.0,-0.6032117864769034,-0.5963207344319403,-0.8062959659803905,-0.5963207344319403,3.639127028455265,-18.727857994631343,40.92995869929255,-183.3810932105528,8.409395392395115,40.92995869929255,-183.3810932105528,0.4037036913393495,70
59,40.0,-0.5820077782287271,-0.6078872165730357,-0.7686407225840864,-0.6078872165730358,3.46292233620077,-18.963802369010907,40.873987805648504,-185.8342279941273,7.5787021164979445,40.873987805648504,-185.8342279941273,0.3651743752995087,70
60,40.0,-0.5608181437406086,-0.6190764138847948,-0.7311547330320223,-0.6190764138847948,3.288123505021318,-19.19058710842319,40.81841417384696,-188.18708176344657,6.818170360160345,40.81841417384696,-188.18708176344657,0.3296858030755042,70
61,40.0,-0.5396386897886852,-0.629890607432493,-0.6938164698387839,-0.629890607432493,3.114657454445906,-19.408352196233228,40.763191532977324,-190.4416722641861,6.124782924642257,40.763191532977324,-190.4416722641861,0.2971462634139559,70
62,40.0,-0.518465311060746,-0.6403319906917218,-0.6566049992583625,-0.6403319906917216,2.942451957201369,-19.617227801214923,40.70827493823656,-192.5998771478454,5.495633851579553,40.70827493823656,-192.5998771478454,0.2674641193428131,70
63,40.0,-0.4972939843240835,-0.6504026699438156,-0.6194999625228159,-0.6504026699438156,2.7714355941759985,-19.817334641932344,40.65362073452369,-194.66343988827288,4.927921523016363,40.65362073452369,-194.66343988827288,0.24054780083820876,70
64,40.0,-0.4761207627101681,-0.6601046647230003,-0.5824815576311373,-0.6601046647230002,2.6015377096694743,-20.00878434333213,40.59918652119954,-196.633975510548,4.418942063188535,40.59918652119954,-196.633975510548,0.21630579297466868,70
65,40.0,-0.45494177010940895,-0.6694399083096576,-0.5455305216804452,-0.6694399083096576,2.4326883669253068,-20.191679785337318,40.54493111800417,-198.51297613443458,3.966083031004437,40.54493111800417,-198.51297613443458,0.19464662047351117,70
66,40.0,-0.433753195669338,-0.6784102482646284,-0.5086281137289808,-0.6784102482646285,2.26481830393975,-20.366115443278524,40.49081453211764,-200.30181633505174,3.5668173922489865,40.49081453211764,-200.30181633505174,0.17547882948885102,70
67,40.0,-0.41255128838964084,-0.6870174469999479,-0.47175609817814035,-0.6870174469999479,2.0978588895393915,-20.532177720037,40.436797926344,-202.0017583237387,3.2186977606764646,40.436797926344,-202.0017583237387,0.1587109674013968,70
68,40.0,-0.39133235180753173,-0.6952631823818747,-0.43489672865872586,-0.6952631823818748,1.9317420797177882,-20.68994526980737,40.38284358839326,-203.61395695234492,2.919350897329557,40.38284358839326,-203.61395695234492,0.14425156132586736,70
69,40.0,-0.3700927387670509,-0.7031490483625156,-0.39803273240474735,-0.7031490483625155,1.7664003742199368,-20.839489313417477,40.32891490123118,-205.13946454437863,2.6664724576217065,40.32891490123118,-205.13946454437863,0.13200909597812466,70
70,40.0,-0.3488288462659466,-0.7106765556367519,-0.361147295096536,-0.7106765556367519,1.601766773362011,-20.98087394516687,40.274976314462634,-206.57923555657447,2.457821975950632,40.274976314462634,-206.57923555657447,0.12189199149316345,70
71,40.0,-0.3275371103738844,-0.7178471323215718,-0.3242240461535065,-0.7178471323215718,1.4377747350725536,-21.114156431166503,40.220993316710775,-207.93413107452832,2.2912180778569815,40.220993316710775,-207.93413107452832,0.11380858173408659,70
72,40.0,-0.30621400121579334,-0.7246621246552921,-0.2872470444556085,-0.7246621246552922,1.2743581321399948,-21.239387499180815,40.16693240895059,-209.20492314610075,2.1645339099945793,40.16693240895059,-209.20492314610075,0.10766709358462104,70
73,40.0,-0.28485601801425364,-0.7311227977145021,-0.2502007644714823,-0.731122797714502,1.1114512096506297,-21.356611619987607,40.11276107875305,-210.39229895629146,2.075692778455123,40.11276107875305,-210.39229895629146,0.10337562767437976,70
74,40.0,-0.26345968418488885,-0.7372303361469164,-0.21307008277030315,-0.7372303361469164,0.9489885426000432,-21.46586728028494,40.058447775392956,-211.4968648472809,2.0226639862535505,40.058447775392956,-211.4968648472809,0.10084214094504108,70
75,40.0,-0.24202154247880597,-0.7429858449186454,-0.17584026489350413,-0.7429858449186454,0.7869049936603247,-21.56718724718447,40.00396188577191,-212.5191501872907,2.003458861060879,40.00396188577191,-212.5191501872907,0.09997443142830144,70
76,40.0,-0.2205381501661967,-0.7483903500747124,-0.13849695256185895,-0.7483903500747124,0.625135671084723,-21.660598824340227,39.94927371110549,-213.45961109185612,2.016126964544654,39.94927371110549,-213.45961109185612,0.10068012557155456,70
77,40.0,-0.1990060742552776,-0.7534447995119665,-0.10102615119273889,-0.7534447995119665,0.46361588673073173,-21.746124099770313,39.894354444322346,-214.31863400104717,2.058752474944644,39.894354444322346,-214.31863400104717,0.10286666841473162,70
78,40.0,-0.17742188674081433,-0.7581500637638261,-0.06341421770188777,-0.7581500637638261,0.3022811141821882,-21.823780185435254,39.839176148121254,-215.0965391160817,2.1294507347838985,39.839176148121254,-215.0965391160817,0.1064413168920418,70
79,40.0,-0.15578215987653535,-0.7625069367965881,-0.02564784856359592,-0.7625069367965882,0.1410669469505379,-21.89357944864333,39.78371173363123,-215.79358369869882,2.226364955875149,39.78371173363123,-215.79358369869882,0.11131113650451192,70
80,40.0,-0.13408346146580216,-0.7665161368173296,0.012285931897213387,-0.7665161368173296,-0.02009094326492593,-21.955529735359193,39.72793493961852,-216.40996523657753,2.347663074035698,39.72793493961852,-216.40996523657753,0.117383001583429,70
81,40.0,-0.1123223501649572,-0.7701783070937075,0.05039978300774664,-0.7701783070937076,-0.18125684827821498,-22.009634585497103,39.671820312183705,-216.9458244779965,2.4915347461761854,39.671820312183705,-216.9458244779965,0.12456359934124751,70
82,40.0,-0.09049537079382673,-0.7734940167862459,0.08870605907196406,-0.7734940167862459,-0.34249506509975924,-22.055893440285622,39.6153431848912,-217.40124833885298,2.65618848266538,39.6153431848912,-217.40124833885298,0.13275943788440223,70
83,40.0,-0.06859904964790715,-0.7764637617939798,0.12721682054423,-0.7764637617939799,-0.5038699376221059,-22.094301841796064,39.55847965927319,-217.77627268508465,2.8398489081075127,39.55847965927319,-217.77627268508465,0.14187685834234867,70
84,40.0,-0.04662988980681427,-0.7790879656146033,0.16594384507929416,-0.7790879656146033,-0.6654458983287586,-22.124851624732436,39.5012065856495,-218.0708849934711,3.0407541438940378,39.5012065856495,-218.0708849934711,0.1518220512486108,70
85,40.0,-0.024584366433618617,-0.7813669802205488,0.20489863848597922,-0.781366980220549,-0.8272875100467567,-22.147531100586846,39.44350154420454,-218.28502689373448,3.257153306106198,39.44350154420454,-218.28502689373448,0.16250107729248012,70
86,40.0,-0.002458922059742581,-0.7833010869527209,0.2440924456119793,-0.7833010869527209,-0.9894595077632768,-22.16232523427093,39.385342826262516,-218.4185965948189,3.4873041125564463,39.385342826262516,-218.4185965948189,0.17381989254460986,70
87,40.0,0.019750038149866332,-0.7848904974338655,0.2835362611871829,-0.7848904974338655,-1.1520268405263638,-22.169215813340625,39.3267094157018,-218.47145119818666,3.7294705929601557,39.3267094157018,-218.47145119818666,0.18568437824572642,70
88,40.0,0.04204615115652553,-0.7861353545038893,0.32324084065288156,-0.7861353545038893,-1.3150547134495791,-22.168181609940266,39.26758097044954,-218.44340890096527,3.9819208964227437,39.26758097044954,-218.44340890096527,0.1980003752349024,70
89,40.0,0.06443310083776409,-0.7870357331797038,0.363216711004186,-0.7870357331797037,-1.4786086298398777,-22.159198535600332,39.20793780399751,-218.33425109176733,4.242925190620007,39.20793780399751,-218.33425109176733,0.21067372308266422,70
90,40.0,0.0869146228125812,-0.7875916416424991,0.4034741816728411,-0.7875916416424991,-1.642754433467518,-22.142239789033034,39.147760866880546,-218.14372434202522,4.510753647237278,39.147760866880546,-218.14372434202522,0.2236103039843798,70
91,40.0,0.10949450930712522,-0.78780302225566,0.4440233554775592,-0.78780302225566,-1.8075583509962687,-22.117275997080952,39.087031728058925,-217.8715422957157,4.783674508411124,39.087031728058925,-217.8715422957157,0.23671609146058425,70
92,40.0,0.1321766140658554,-0.787669752616869,0.4848741396688187,-0.787669752616869,-1.97308703459139,-22.08427534898593,39.025732556146494,-217.51738746040152,5.059952229100166,39.025732556146494,-217.51738746040152,0.24989720390380732,70
93,40.0,0.1549648573132028,-0.7871916466482639,0.5260362570949337,-0.7871916466482639,-2.139407604722062,-22.043203724158147,38.96384610042643,-217.08091290258184,5.337845690489326,38.96384610042643,-217.08091290258184,0.26305996300550855,70
94,40.0,0.17786323077069932,-0.7863684557288945,0.5675192575160461,-0.7863684557288945,-2.306587693174082,-21.99402481364043,38.901355671597145,-216.56174385044443,5.615606479706078,38.901355671597145,-216.56174385044443,0.27611095709192496,70
95,40.0,0.20087580273448677,-0.7851998698740643,0.6093325290924811,-0.7851998698740643,-2.474695486287529,-21.93670023547794,38.83824512219087,-215.95947920721198,5.891477231307523,38.83824512219087,-215.95947920721198,0.2889571093943906,70
96,40.0,0.22400672321806295,-0.7836855189665475,0.6514853100737243,-0.7836855189665475,-2.643799768432956,-21.871189644220927,38.7744988266082,-215.27369297841386,6.163690026176324,38.7744988266082,-215.27369297841386,0.3015057512775874,70
97,40.0,0.24726022916505738,-0.781824974045052,0.6939867007140956,-0.781824974045052,-2.8139699657383646,-21.7974508348064,38.710101660711864,-214.50393561656324,6.430464843643898,38.710101660711864,-214.50393561656324,0.3136647004482651,70
98,40.0,0.27064064973676144,-0.7796177486557463,0.7368456754409439,-0.7796177486557463,-2.9852761900777813,-21.71543984108502,38.64503898092381,-213.64973528689706,6.690008062848614,38.64503898092381,-213.64973528689706,0.32534234416754326,70
99,40.0,0.2941524116790576,-0.7770633002730785,0.7800710953010092,-0.7770633002730784,-3.1577892833305956,-21.62511102928027,38.57929660276978,-212.71059905802642,6.940511009528134,38.57929660276978,-212.71059905802642,0.33644772749155916,70
100,40.0,0.31780004477330875,-0.7741610317966133,0.8236717207103501,-0.7741610317966132,-3.3315808619190994,-21.526417186690935,38.51286077881608,-211.6860140215716,7.180148544644697,38.51286077881608,-211.6860140215716,0.34689064656817786,70
101,40.0,0.34158818737567004,-0.7709102931310815,0.8676562245330237,-0.7709102931310815,-3.506723361629667,-21.4193096059715,38.44571817594365,-210.57544834508573,7.407077691451833,38.44571817594365,-210.57544834508573,0.35658174702172957,70
102,40.0,0.3655215920491741,-0.7673103828573627,0.9120332055134702,-0.7673103828573627,-3.683290082720842,-21.30373816535221,38.37785585190484,-209.3783522628466,7.6194362978284005,38.37785585190484,-209.3783522628466,0.36543262746308897,70
103,40.0,0.38960513129282426,-0.7633605500026638,0.9568112020873194,-0.7633605500026638,-3.8613552353192935,-21.179651405187517,38.309261231108785,-208.09415900936682,7.815341730936893,38.309261231108785,-208.09415900936682,0.37335594816903717,70
104,40.0,0.41384380337177984,-0.7590599959187423,1.0019987065951081,-0.7590599959187424,-4.04099398510189,-21.046996601251948,38.23992207958143,-206.7222857007971,7.992889601506481,38.23992207958143,-206.7222857007971,0.38026554498259346,70
105,40.0,0.43824273825257287,-0.7544078762776237,1.0476041799231584,-0.7544078762776237,-4.222282499259389,-20.90571983523309,38.16982647904673,-205.2621341697164,8.150152515299347,38.16982647904673,-205.2621341697164,0.3860765484948504,70
106,40.0,0.46280720364710526,-0.749403303194913,1.0936360665956006,-0.749403303194913,-4.4052979927340115,-20.75576606290459,38.09896280007578,-203.7130917591646,8.285178849594653,38.09896280007578,-203.7130917591646,0.390705508578818,70
107,40.0,0.48754261116898767,-0.7440453474914839,1.1401028103413222,-0.744045347491484,-4.590118774719872,-20.597079180496806,38.027319674250876,-202.0745320821519,8.395991552815289,38.027319674250876,-202.0745320821519,0.394070524356614,70
108,40.0,0.5124545226055403,-0.7383330411050525,1.1870128701592968,-0.7383330411050525,-4.776824295411318,-20.429602089819078,37.95488596529173,-200.34581575327633,8.480586965738828,37.95488596529173,-200.34581575327633,0.3960913796933754,70
109,40.0,0.5375486563085347,-0.7322653796639107,1.2343747369055507,-0.7322653796639107,-4.9654951929803595,-20.253276762726404,37.88165073909149,-198.52629109951596,8.536933663064302,37.88165073909149,-198.52629109951596,0.3966896843238005,70
110,40.0,0.5628308937064642,-0.7258413252358998,1.2821969504246737,-0.7258413252359,-5.156213340759761,-20.06804430556276,37.80760323260995,-196.61529485770143,8.562971314467234,37.80760323260995,-196.61529485770143,0.39578902073088235,70
111,40.0,0.588307285940799,-0.7190598092665771,1.3304881172485228,-0.719059809266577,-5.3490618946035315,-19.873845024256376,37.732732821572135,-194.6121528666612,8.556609564656577,37.732732821572135,-194.6121528666612,0.39331509691047106,70
112,40.0,0.6139840606283337,-0.7119197357214226,1.379256928884391,-0.7119197357214225,-5.544125340391311,-19.67061849078543,37.65702898692002,-192.51618076252026,8.51572693235691,37.65702898692002,-192.51618076252026,0.3891959051700062,70
113,40.0,0.639867628751327,-0.7044199844479208,1.4285121807146108,-0.7044199844479206,-5.741489541637387,-19.4583036117794,37.58048127996586,-190.32668468616563,8.438169728577268,37.58048127996586,-190.32668468616563,0.3833618871248305,70
114,40.0,0.6659645916766667,-0.6965594147743445,1.4782627915290893,-0.6965594147743444,-5.941241787158685,-19.236838700068578,37.50307928619527,-188.04296201243287,8.321750994998327,37.50307928619527,-188.04296201243287,0.3757461050708934,70
115,40.0,0.6922817483048023,-0.6883368693631838,1.5285178237118746,-0.6883368693631838,-6.143470838749398,-19.006161550045114,37.42481258766896,-185.6643021111502,8.164249463809393,37.42481258766896,-185.6643021111502,0.36628441992798066,70
116,40.0,0.7188261023486138,-0.6797511783382807,1.579286504102318,-0.6797511783382806,-6.348266978802407,-18.766209517750244,37.34567072397171,-183.1899871507677,7.963408540864753,37.34567072397171,-183.1899871507677,0.3549156759629821,70
117,40.0,0.745604869741752,-0.670801163705965,1.6305782455508187,-0.670801163705965,-6.555722057809618,-18.516919606657364,37.265643151658104,-180.6192929559327,7.716935314599338,37.265643151658104,-180.6192929559327,0.3415818925175722,70
118,40.0,0.7726254861752949,-0.6614856440917496,1.682402669188487,-0.6614856440917497,-6.7659295416645895,-18.258228560175937,37.184719202144315,-177.95148993101094,7.422499593757553,37.184719202144315,-177.95148993101094,0.32622846297919367,70
119,40.0,0.7998956147607589,-0.6518034398155294,1.7347696274292552,-0.6518034398155292,-6.978984558681187,-17.99007296196105,37.10288803799623,-175.1858440622456,7.077732977638995,37.10288803799623,-175.1858440622456,0.3088043612477255,70
120,40.0,0.8274231538166772,-0.6417533783296286,1.787689227722148,-0.6417533783296286,-7.194983946231975,-17.712389345172525,37.02013860756465,-172.32161801192996,6.680227963259226,37.02013860756465,-172.32161801192996,0.2892623559626835,70
121,40.0,0.8552162447749523,-0.6313343000455991,1.8411718570703337,-0.631334300045599,-7.414026296898502,-17.425114311891704,36.936459597919075,-169.35807231871308,6.227537094563487,36.936459597919075,-169.35807231871308,0.2675592327668956,70
122,40.0,0.8832832802021523,-0.6205450645772367,1.8952282073324334,-0.6205450645772367,-7.636212004013714,-17.128184663968167,36.85183938603279,-166.29446671889954,5.717172159616671,36.85183938603279,-166.29446671889954,0.24365602489187374,70
123,40.0,0.9116329119297455,-0.6093845574290065,1.9498693013202182,-0.6093845574290064,-7.861643306463661,-16.821537546636087,36.766265988173,-163.13006160438724,5.146603442524562,36.766265988173,-163.13006160438724,0.21751825235717806,70
124,40.0,0.9402740592859338,-0.5978516971608383,2.005106519705181,-0.5978516971608383,-8.09042433260106,-16.505110606309763,36.67972700745173,-159.86411963369287,4.513259037729529,36.67972700745173,-159.86411963369287,0.1891161700808642,70
125,40.0,0.969215917420356,-0.5859454430621335,2.060951628744734,-0.5859454430621334,-8.322661143108364,-16.178842164038503,36.592209579494806,-156.49590751333307,3.814524235255209,36.592209579494806,-156.49590751333307,0.1584250251995551,70
126,40.0,0.9984679657112865,-0.5736648033698332,2.117416808836584,-0.573664803369833,-8.5584617726307,-15.842671406175905,36.503700316188855,-153.02469796769034,3.0477409864705014,36.503700316188855,-153.02469796769034,0.12542532389513833,70
127,40.0,1.0280399762432724,-0.5610088440674477,2.174514683907539,-0.5610088440674477,-8.797936269981617,-15.496538593893005,36.41418524746904,-149.44977191635363,2.2102074609831983,36.41418524746904,-149.44977191635363,0.09010310801912796,70
128,40.0,1.0579420223411613,-0.5479766983041929,2.2322583516401036,-0.5479766983041929,-9.041196736704444,-15.140385293243886,36.32364976111383,-145.77042087882782,1.299177706380512,36.32364976111383,-145.77042087882782,0.05245024179570617,70
129,40.0,1.0881844871444122,-0.5345675764756453,2.2906614145371487,-0.5345675764756453,-9.288357363751457,-14.77415462757064,36.23207854051707,-141.98594962740754,0.3118614236912426,36.23207854051707,-141.98594962740754,0.012464708869031886,70
130,40.0,1.1187780722032055,-0.5207807770097852,2.34973801182124,-0.5207807770097852,-9.539534466019905,-14.397791554116836,36.13945550041267,-138.09567910994474,-0.7545761273351657,36.13945550041267,-138.09567910994474,-0.029849080060555144,70
131,40.0,1.1497338060753466,-0.506615697904831,2.409502852161104,-0.5066156979048311,-9.794846514459463,-14.011243166801256,36.04576372053286,-134.09894966518166,-1.9030140777592073,36.04576372053286,-134.09894966518166,-0.07447996879423519,70
132,40.0,1.181063052900143,-0.4920718490679221,2.4699712472129995,-0.4920718490679222,-10.05441416543919,-13.614459027187744,35.95098537718776,-129.99512455426836,-3.1363757370806815,35.95098537718776,-129.99512455426836,-0.12140972620366373,70
133,40.0,1.2127775209223364,-0.47714886550652613,2.5311591459593696,-0.47714886550652613,-10.318360287033125,-13.207391525773152,35.85510167276178,-125.78359383305276,-4.4576282008571635,35.85510167276178,-125.78359383305276,-0.17061270567087675,70
134,40.0,1.2448892709358497,-0.4618465214273201,2.5930831698211767,-0.4618465214273201,-10.586809981853076,-12.789996275800686,35.75809276313159,-121.46377859068167,-5.8697817587471315,35.75809276313159,-121.46377859068167,-0.22205549330997673,70
135,40.0,1.2774107246133646,-0.4461647453003799,2.6557606485133647,-0.4461647453003798,-10.859890606023509,-12.362232541893963,35.659937683020644,-117.03513558102517,-7.375889081900229,35.659937683020644,-117.03513558102517,-0.2756965449420659,70
136,40.0,1.3103546726837587,-0.4301036359496345,2.719209656605277,-0.4301036359496345,-11.137731783857788,-11.92406370589291,35.560614269317576,-112.49716227437456,-8.979044167047913,35.560614269317576,-112.49716227437456,-0.33148581186593384,70
137,40.0,1.343734282914991,-0.4136634797338678,2.7834490507390846,-0.4136634797338678,-11.420465417756223,-11.475457772360151,35.460099082399275,-107.84940235781184,-10.682381013030282,35.460099082399275,-107.84940235781184,-0.38936435554959226,70
138,40.0,1.3775631078552204,-0.3968447688859403,2.8484985074495865,-0.3968447688859403,-11.708225692804833,-11.016387916311736,35.35836732551543,-103.09145171355424,-12.489072003823766,35.35836732551543,-103.09145171355424,-0.44926395146252,70
139,40.0,1.411855092279689,-0.3796482210814532,2.9143785615177658,-0.37964822108145313,-12.00114907550902,-10.546833075810707,35.25539276230902,-98.22296490546657,-14.402325970426062,35.25539276230902,-98.22296490546657,-0.5111066823768907,70
140,40.0,1.4466245802851472,-0.3620748003117172,2.981110644778255,-0.3620748003117171,-12.2993743060481,-10.06677859214402,35.15114763256763,-93.24366220476934,-16.42538590220356,35.15114763256763,-93.24366220476934,-0.5748045215887517,70
141,40.0,1.4818863219673981,-0.34412573913964,3.0487171252873004,-0.34412573913964006,-12.603042383385407,-9.57621690038241,35.04560256632307,-88.15333718676125,-18.561526276533066,35.04560256632307,-88.15333718676125,-0.640258906648643,70
142,40.0,1.517655479610669,-0.32580256242102534,3.1172213467424736,-0.32580256242102534,-12.912296542512548,-9.07514827319879,34.938726496443024,-82.95186493110249,-20.814049973765975,34.938726496443024,-82.95186493110249,-0.7073603043460497,70
143,40.0,1.5539476333101956,-0.307107112577684,3.1866476680286286,-0.307107112577684,-13.227282223047705,-8.563581620890718,34.83048656988678,-77.63921085884343,-23.186284742740856,34.83048656988678,-77.63921085884343,-0.77598776786519,70
144,40.0,1.5907787859412716,-0.28804157651281437,3.257021502745741,-0.2880415765128145,-13.548147028343287,-8.041535350617977,34.72084805782994,-72.21544023994369,-25.681579180260762,34.72084805782994,-72.21544023994369,-0.8460084872213995,70
145,40.0,1.6281653673793715,-0.26860851426315197,3.3283693585535925,-0.26860851426315197,-13.87504067419071,-7.509038287923569,34.60977426489889,-66.6807284054629,-28.30329818616824,34.60977426489889,-66.6807284054629,-0.9172773342995071,70
146,40.0,1.6661242378663714,-0.24881088948652,3.4007188761452305,-0.24881088948652003,-14.208114926136233,-6.966130663656126,34.49722643779639,-61.03537169892235,-31.05481785389428,34.49722643779639,-61.03537169892235,-0.9896364040487179,70
147,40.0,1.7046726904076837,-0.22865210188751856,3.474098867635896,-0.2286521018875186,-14.54752352434408,-6.412865169450798,34.383163673644084,-55.279799201498754,-33.93951975466137,34.383163673644084,-55.279799201498754,-1.0629145536441065,70
148,40.0,1.7438284520739162,-0.20813602168820516,3.548539354126154,-0.20813602168820522,-14.893422094859261,-5.849308084954035,34.26754282841766,-49.41458526571109,-36.96078457189608,34.26754282841766,-49.41458526571109,-1.1369269417035748,70
149,40.0,1.7836096840686209,-0.1872670262546596,3.6240716021673416,-0.1872670262546596,-15.245968046033203,-5.275540479991946,34.15031842590516,-43.44046289206031,-40.12198504088486,34.15031842590516,-43.44046289206031,-1.2114745699521094,70
150,40.0,1.8240349804106544,-0.1660500389942747,3.7007281588238556,-0.1660500389942747,-15.605320448780438,-4.691659494881167,34.03144256767954,-37.358337982662746,-43.42647814731548,34.03144256767954,-37.358337982662746,-1.2863438300531969,70
151,40.0,1.8651233650655126,-0.14449057064244286,3.778542884989851,-0.1444905706424429,-15.971639899232656,-4.097779702063566,33.91086484464329,-31.169304505260808,-46.87759653711234,33.91086484464329,-31.169304505260808,-1.3613060586808383,70
152,40.0,1.9068942873448562,-0.12259476306089394,3.85755098657786,-0.12259476306089392,-16.345088362249243,-3.494034552207641,33.788532250776086,-24.874660600045903,-50.47863908894331,33.788532250776086,-24.874660600045903,-1.436117104285461,70
153,40.0,1.9493676153769266,-0.1003694356733195,3.9377890431526916,-0.10036943567331952,-16.725828994127813,-2.880577907860246,33.664389099796736,-18.47592566049118,-54.2328605999711,33.664389099796736,-18.47592566049118,-1.5105169094130777,70
154,40.0,1.9925636274329575,-0.07782213466690034,4.019295033536381,-0.07782213466690033,-17.11402594273737,-2.257585667646485,33.53837694553837,-11.974858417794913,-58.14346053490833,33.53837694553837,-11.974858417794913,-1.5842291128696755,70
155,40.0,2.0365030008755687,-0.05496118509098041,4.102108357857832,-0.05496118509098041,-17.50984412316678,-1.6252574839038751,33.410434506931445,-5.373476056582922,-62.21357078823646,33.410434506931445,-5.373476056582922,-1.6569606764812816,70
156,40.0,2.081206798474779,-0.031795745986179604,4.186269855464584,-0.031795745986179624,-17.913448966845365,-0.9838185764922706,33.28049759859314,1.3259256128652765,-66.4462424096423,33.28049759859314,1.3259256128652765,-1.7284015416841603,70
157,40.0,2.1266964518152323,-0.00833586867871189,4.271821818053074,-0.008335868678711944,-18.32500614194726,-0.3335216453438638,33.14849906813474,8.120750903420886,-70.84443124334112,33.14849906813474,8.120750903420886,-1.798224321687539,70
158,40.0,2.172993741494798,0.01540744162462682,4.358807997308013,0.015407441624626761,-18.744681242739286,0.32535111589850896,33.014368741420604,15.008081901814217,-75.41098243308375,33.014368741420604,15.008081901814217,-1.8660840354820425,70
159,40.0,2.220120773789518,0.03942216080553941,4.447273606270611,0.03942216080553945,-19.172639445371644,0.9924859030643453,32.87803337714461,21.98465500597636,-80.14861374632957,32.87803337714461,21.98465500597636,-1.9316178905179318,70
160,40.0,2.268099953433,0.06369517723330445,4.537265313579107,0.0636951772333044,-19.609045127441764,1.6675350796713273,32.73941663223163,29.046836338157284,-85.05989767339064,32.73941663223163,29.046836338157284,-1.9944451214456955,70
161,40.0,2.3169539521297122,0.08821221946228994,4.628831229643522,0.08821221946228994,-20.05406144848554,2.3501148487403305,32.598439039724674,36.1905960280306,-90.14724226039758,32.598439039724674,36.1905960280306,-2.0541668928939743,70
162,40.0,2.366705672391126,0.11295778010016846,4.72202088372908,0.11295778010016844,-20.50784988836476,3.0398028171818536,32.455018000981326,43.411481365691444,-95.41287063876824,32.455018000981326,43.411481365691444,-2.1103662748515357,70
163,40.0,2.4173782062512763,0.13791503572467095,4.816885190829858,0.137915035724671,-20.97056974032757,3.736135452194613,32.30906779417766,50.70458883090029,-100.85879921859163,32.30906779417766,50.70458883090029,-2.162608299816107,70
164,40.0,2.4689947883839443,0.16306576273409837,4.9134764071150165,0.16306576273409837,-21.442377555317798,4.438605429647145,32.160499601303556,58.06453501210054,-106.48681451902925,32.160499601303556,58.06453501210054,-2.210440111466554,70
165,40.0,2.521578743107416,0.18839024902643034,5.011848072625394,0.18839024902643034,-21.923426533902365,5.146658875015417,32.009221556029864,65.48542643674672,-112.2984486156196,32.009221556029864,65.48542643674672,-2.2533912151991506,70
166,40.0,2.575153424724444,0.21386720141392124,5.112054939787285,0.2138672014139212,-22.41386586197114,5.8596924981252565,31.855138815035787,72.96082834332485,-118.29495319231025,31.855138815035787,72.96082834332485,-2.2909738414344942,70
167,40.0,2.629742150604835,0.23947364869495155,5.214152886193919,0.2394736486949516,-22.91383998614443,6.577050623706232,31.698153655603907,80.48373243520405,-124.47727219527559,31.698153655603907,80.48373243520405,-2.3226834331392494,70
168,40.0,2.685368126375921,0.26518484032300454,5.318198809983048,0.26518484032300454,-23.42348782459842,7.298022120609462,31.538165602519037,88.04652366716888,-130.8460130961904,31.538165602519037,88.04652366716888,-2.3479992695048866,70
169,40.0,2.7420543625420795,0.2909741406342636,5.424250506011713,0.29097414063426363,-23.942941908790182,8.021837233479818,31.375071587546458,95.64094612717058,-137.40141678473418,31.375071587546458,95.64094612717058,-2.3663852381709654,70
170,40.0,2.799823581808784,0.31681291862110567,5.5323665208971935,0.3168129186211056,-24.472327451334536,8.747664321714455,31.208766145012827,103.25806808859315,-144.1433261238286,31.208766145012827,103.25806808859315,-2.377290768758991,70
171,40.0,2.8586981163391365,0.34267043326897695,5.642605984856685,0.342670433268977,-25.011761335053183,9.474606511686034,31.039141647268735,110.88824632214158,-151.0711532165315,31.039141647268735,110.88824632214158,-2.380151940777912,70
172,40.0,2.9186997941221295,0.3685137145095419,5.755028418138316,0.36851371450954196,-25.561351017989224,10.201698269473978,30.866088584074042,118.52108977143307,-158.18384545078868,30.866088584074042,118.52108977143307,-2.3743927791564188,70
173,40.0,2.9798498135818483,0.3943074398839472,5.869693509693617,0.3943074398839471,-26.121193348955146,10.92790190273246,30.68949589021328,126.14542271248438,-165.4798504074256,30.68949589021328,126.14542271248438,-2.3594267507300386,70
174,40.0,3.0421686055060513,0.4200138070574022,5.986660865597528,0.4200138070574022,-26.691373287966968,11.652104001843883,30.50925132591707,133.7492475346479,-172.95707973801342,30.50925132591707,133.7492475346479,-2.3346584749415675,70
175,40.0,3.1056756813213684,0.4455924023804812,6.105989724578015,0.4455924023804812,-27.271962525711828,12.373111832163938,30.325241914933425,141.31970729912624,-180.61287214259292,30.325241914933425,141.31970729912624,-2.299485661777295,70
176,40.0,3.1703894666911867,0.47100006575454456,6.227738637874888,0.47100006575454456,-27.86301799600744,13.08964969097402,30.13735444535692,148.84304825109794,-188.4439556028393,30.13735444535692,148.84304825109794,-2.253301289534299,70
177,40.0,3.236327119361938,0.49619075212907254,6.351965110508691,0.49619075212907254,-28.464580275043225,13.800355244723722,29.94547603857976,156.30458248270182,-196.44640905412535,29.94547603857976,156.30458248270182,-2.195496034367654,70
178,40.0,3.3035043301343703,0.5211153900383568,6.4787252009074034,0.5211153900383568,-29.076671861050222,14.503775864282465,29.749494791973355,163.68865096671888,-204.61562371016862,29.749494791973355,163.68865096671888,-2.1254609626723537,70
179,40.0,3.3719351057897864,0.5457217376748336,6.608073075714675,0.5457217376748336,-29.69929532793776,15.198364978236606,29.54930050113493,170.97858720480284,-212.94626428658472,29.54930050113493,170.97858720480284,-2.0425904961822132,70
180,40.0,3.441631532757649,0.5699542370971068,6.740060516490566,0.5699542370971068,-30.332431346364512,15.882478466774444,29.344785467737353,178.15668175956378,-221.43223040469482,29.344785467737353,178.15668175956378,-1.9462856581850851,70
181,40.0,3.5126035202721777,0.5937538672834932,6.874736374919005,0.5937538672834933,-30.97603656569166,16.554371121412068,29.135845399192412,185.20414796677576,-230.06661849439163,29.135845399192412,185.20414796677576,-1.8359576074271278,70
182,40.0,3.584858521732303,0.617057996867478,7.012145973058268,0.6170579968674781,-31.63004135030133,17.21219319873528,28.922380406472474,192.10108915246815,-238.84168455465274,28.922380406472474,192.10108915246815,-1.7110314640748632,70
183,40.0,3.658401232953964,0.6398002375309242,7.152330445117922,0.6398002375309243,-32.294347363870955,17.853987099484105,28.704296106522328,198.82646770976615,-247.74880817239546,28.704296106522328,198.82646770976615,-1.57095042948777,70
184,40.0,3.7332332659872085,0.6619102991849963,7.295326017221482,0.6619102991849962,-32.96882499537827,18.477684207694274,28.48150483572327,205.35807642207325,-256.7784582445821,28.48150483572327,205.35807642207325,-1.4151801984924015,70
185,40.0,3.8093527971658423,0.6833138482385613,7.441163221626063,0.6833138482385612,-33.6533106208934,19.081101928251204,28.253926980833363,211.67251245262656,-265.92016089471565,28.253926980833363,211.67251245262656,-1.2432136593077665,70
186,40.0,3.886754188066207,0.7039323704401318,7.589866041924163,0.7039323704401319,-34.34760369560256,19.661940965116646,28.021492433708765,217.745154455656,-275.1624701228112,28.021492433708765,217.745154455656,-1.0545758722198266,70
187,40.0,3.9654275780768664,0.7236830399828893,7.741450985855709,0.7236830399828892,-35.05146367102049,20.217782886667305,27.784142175899085,223.55014330137072,-284.4929417772783,27.784142175899085,223.55014330137072,-0.8488293135110918,70
188,40.0,4.045358447325995,0.7424785967838404,7.895926082519961,0.7424785967838405,-35.76460673300647,20.74608802905422,27.541829998886893,229.06036694590898,-293.8981114875687,27.541829998886893,229.06036694590898,-0.6255793659944535,70
189,40.0,4.1265271487806165,0.7602272340878835,8.053289801003814,0.7602272340878835,-36.48670235701491,21.244193793252872,27.294524365295572,234.24745001817794,-303.36347724732354,27.294524365295572,234.24745001817794,-0.38448003175856904,70
190,40.0,4.208908408426173,0.7768324988060922,8.213529887747196,0.7768324988060922,-37.21736967801457,21.709313396544175,27.042210415799122,239.0817487383427,-312.87348738862005,27.042210415799122,239.0817487383427,-0.1252398363916889,70
191,-0.08448555677188752,4.292470792559529,0.7921932072745933,8.376622120356194,0.7921932072745933,-37.95617367371576,22.138535144540114,-13.299593431055218,232.99067987127114,-387.4343319423477,-13.299593431055218,232.99067987127114,0.18310197199277756,70
192,-0.24313064711667098,4.377176141388573,0.8062033794158865,8.542528976063366,0.8062033794158865,-38.70262116118393,22.528822295553553,-13.720536032775652,236.98671480483907,-397.6769567593675,-13.720536032775652,236.98671480483907,0.5373119528580586,70
193,-0.40486432615012524,4.462978968331257,0.8187521945974593,8.711198213632446,0.8187521945974594,-39.45615660860853,22.877013595097672,-14.14949771723498,240.53564273650554,-407.93002805805287,-14.14949771723498,240.53564273650554,0.9117741070219529,70
194,-0.569703515451314,4.549825824652416,0.8297239728119113,8.882561368226042,0.8297239728119115,-40.21615776597465,23.179824564577515,-14.586420451642073,243.6029039840607,-418.17419953854863,-14.586420451642073,243.6029039840607,1.3065514929372548,70
195,-0.7376617895318437,4.637654629372502,0.8389981851467119,9.056532159610878,0.8389981851467119,-40.98193112066929,23.433849634783183,-15.031213855688534,246.15274642885444,-428.3891152946904,-15.031213855688534,246.15274642885444,1.7216225693521152,70
196,-0.9087490861784486,4.726393964735541,0.8464494978675124,9.233004815081259,0.8464494978675123,-41.752707186682514,23.63556522157312,-15.483751987357618,248.14826750383978,-438.5534461072285,-15.483751987357618,248.14826750383978,2.156875067353224,70
197,-1.082971401236771,4.815962337939578,0.8519478548035183,9.411852309649829,0.8519478548035184,-42.52763563905916,23.78133384810815,-15.943869967070102,249.55146715040692,-448.6449373562553,-15.943869967070102,249.55146715040692,2.612100089129675,70
198,-1.26033046718514,4.906267410318513,0.8553586030921931,9.592924527399724,0.8553586030921932,-43.30578030865085,23.867409425088226,-16.41136044711113,250.32331276855408,-458.6404695657344,-16.41136044711113,250.32331276855408,3.0869865322677046,70
199,-1.4408234148383445,4.997205195725947,0.8565426677084665,9.77604634942685,0.8565426677084665,-44.0861140560389,23.889943807578486,-16.88596993609876,250.42381724180973,-468.51613258829417,-16.88596993609876,250.42381724180973,3.5811159483839177,70
200,-1.6244424175183299,5.088659230515938,0.8553567805638296,9.961015675537446,0.8553567805638296,-44.867513547772255,23.84499475407377,-17.367394991433255,249.81213117461755,-478.247314417047,-17.367394991433255,249.81213117461755,4.09395795470726,70
201,-1.8111743170338392,5.180499718248908,0.8516537703054246,10.147601388815314,0.8516537703054246,-45.64875396281467,23.728535420306876,-17.855278296224093,248.4466505345872,-487.8088055699341,-17.855278296224093,248.4466505345872,4.624866326576682,70
202,-2.0010002308255,5.2725826530790885,0.845282919264951,10.335541274343825,0.845282919264951,-46.42850366234236,23.536465526783324,-18.349204641142705,246.2851409437131,-497.1749199273297,-18.349204641142705,246.2851409437131,5.173075907427796,70
203,-2.1938951396600554,5.364748926708484,0.8360903942907892,10.524539905766797,0.8360903942907891,-47.205318861791525,23.264624344914605,-18.84869683600178,243.28487990966315,-506.3196328114211,-18.84869683600178,243.28487990966315,5.737700480343144,70
204,-2.389827455298951,5.4568234248253065,0.8239197584314343,10.71426651600157,0.8239197584314343,-47.97763835033192,22.908805651674445,-19.353211580617327,239.40281832844636,-515.2167369718843,-19.353211580617327,239.40281832844636,6.3177317512190125,70
205,-2.5887585676265763,5.548614120085959,0.8086125706091238,10.90435287127631,0.8086125706091237,-48.74377830973807,22.464774806612223,-19.862135329662625,234.59576262055026,-523.84001698194,-19.862135329662625,234.59576262055026,6.912039597582508,70
206,-2.7906423708047883,5.639911169949785,0.7900090805128815,11.094391170743553,0.7900090805128817,-49.501927291930556,21.928288107478263,-20.374780191754056,228.82057888097268,-532.1634423471183,-20.374780191754056,228.82057888097268,7.519373738533862,70
207,-2.9954247681269726,5.730486029034683,0.767949025931243,11.283931997210306,0.7679490259312429,-50.250141422241846,21.295114581234635,-20.890379908890306,222.03442042576972,-540.1613793808921,-20.890379908890306,222.03442042576972,8.138366979587541,70
208,-3.2030431553817262,5.820090587125963,0.7422725396157407,11.47248234799905,0.7422725396157409,-50.986339903683614,20.56106036537,-21.408085968552616,214.19498009951607,-547.8088216016347,-21.408085968552616,214.19498009951607,8.767540180680781,70
209,-3.413425882707013,5.908456345533725,0.7128211724942785,11.659503778582959,0.7128211724942785,-51.708300906095104,19.721995829680075,-21.926963907203707,205.26076866455065,-555.081638049116,-21.926963907203707,205.26076866455065,9.405309085590863,70
210,-3.6264916951266435,5.995293646145682,0.679439039614015,11.84441069538055,0.679439039614015,-52.41365793295596,18.773885580413868,-22.44598987051579,195.1914205184112,-561.9568385013205,-22.44598987051579,195.1914205184112,10.049993135699893,70
211,-3.842149152216413,6.080290969247229,0.6419740945605406,12.026568837895178,0.6419740945605407,-53.099896767744085,17.712821476269887,-22.96404750230935,183.94802787426036,-568.4128540897253,-22.96404750230935,183.94802787426036,10.699826369682915,70
212,-4.060296027654339,6.163114317959306,0.6002795372463622,12.20529399417651,0.6002795372463621,-53.76435311088058,16.53505876843202,-23.479925240768864,171.49350438336444,-574.4298312602815,-23.479925240768864,171.49350438336444,11.352970482494893,70
213,-4.280818689772834,6.243406708950448,0.5542153588595391,12.379850997279839,0.5542153588595391,-54.40421102736155,15.237055453908598,-23.99231410686162,157.79297897143198,-579.9899364065235,-23.99231410686162,157.79297897143198,12.0075300812407,70
214,-4.503591464657611,6.320787790880366,0.5036500263846809,12.54945305390802,0.503650026384681,-55.016502333939044,13.815514902075128,-24.499806075842997,142.8142203938087,-585.0776678108026,-24.499806075842997,142.8142203938087,12.661570131456472,70
215,-4.728475983833948,6.394853613788153,0.44846230742673887,12.71326145962248,0.44846230742673876,-55.59810706294475,12.267431777712057,-25.000893128071475,126.52809267997486,-589.6801707722904,-25.000893128071475,126.52809267997486,13.313135534454183,70
216,-4.955320519151721,6.465176574301038,0.3885432340581947,12.870385757771711,0.3885432340581948,-56.145755147281285,10.590141239163936,-25.49396707983913,108.90904122711511,-593.7875509819414,-25.49396707983913,108.90904122711511,13.960272714314893,70
217,-5.1839593081318185,6.531305563053648,0.3237982020509132,13.01988440145779,0.32379820205091303,-56.65602947743062,8.781371336762856,-25.97732029827973,89.93560880768028,-597.3931803347461,-25.97732029827973,89.93560880768028,14.601053021747845,70
218,-5.414211873772451,6.592766342008108,0.254149199128259,13.16076597927649,0.25414919912825895,-57.12537048619644,6.8392984736671725,-26.449147406349077,69.59098016929381,-600.4939884623939,-26.449147406349077,69.59098016929381,15.233597681583001,70
219,-5.645882343638235,6.649062180379238,0.1795371527710266,13.291991066043575,0.17953715277102644,-57.55008241992757,4.762605718210583,-26.907548084064544,47.86355322070655,-603.0907323444117,-26.907548084064544,47.86355322070655,15.856103921788012,70
220,-5.87875877396918,6.699674778514827,0.09992438463048679,13.412474759065098,0.0999243846304867,-57.92634145573974,2.550543673361899,-27.350531070305237,24.74753401001455,-605.1882354382078,-27.350531070305237,24.74753401001455,16.46687182576583,70
221,-6.112612485551411,6.744065509270349,0.015297154752168921,13.521089958522335,0.015297154752169084,-58.25020582231992,0.20299351483247402,-27.77601946517062,0.24355180853421565,-606.7955868901685,-27.77601946517062,0.24355180853421565,17.06433134809255,70
222,-6.347197419183063,6.781677006054692,-0.07433172538331269,13.616671447017424,-0.07433172538331267,-58.51762807678715,-2.2794682950600853,-28.181857425828177,-25.640710383717735,-607.9262905898336,-28.181857425828177,-25.640710383717735,17.647068829294142,70
223,-6.582249519742353,6.811935125709931,-0.16892023650466303,13.698020818065169,-0.16892023650466303,-58.72446968131942,-4.8955042248712335,-28.565818338627402,-52.889875692677144,-608.5983531532289,-28.565818338627402,-52.889875692677144,18.213852241033848,70
224,-6.8174861591104206,6.834251312621566,-0.26839448214759937,13.763912296130979,-0.2683944821475993,-58.86651801035295,-7.6429495528589495,-28.925614536719046,-81.48023055540229,-608.8342994225821,-28.925614536719046,-81.48023055540229,18.763654293329278,70
225,-7.05260560950462,6.84802538783602,-0.37264604142343,13.81309948154027,-0.37264604142343005,-58.93950590165797,-10.518746767135326,-29.25890861525046,-111.37908747084074,-608.6611038072829,-29.25890861525046,-111.37908747084074,19.29567244515697,70
226,-7.287286580120944,6.852648783393676,-0.4815293842153149,13.84432304208837,-0.4815293842153149,-58.93913384206393,-13.518881481867302,-29.56332637523325,-142.54416287079397,-608.1100258295501,-29.56332637523325,-142.54416287079397,19.809344784906205,70
227,-7.521187831340531,6.847508237482327,-0.5948593940704597,13.856319359375817,-0.5948593940704598,-58.861094850678825,-16.638321000799905,-29.836471402311886,-174.92298101128944,-607.2163386458133,-29.836471402311886,-174.92298101128944,20.30436069425476,70
228,-7.75394788209537,6.831989960306062,-0.71240904890033,13.847830121755777,-0.7124090489003297,-58.70110208883501,-19.870956793976628,-30.0759412579339,-208.45231611989237,-606.0189401600132,-30.0759412579339,-208.45231611989237,20.78066518542448,70
229,-7.985184827273354,6.805484273697772,-0.8339073141138476,13.8176128373531,-0.8339073141138477,-58.45491918652317,-23.209552281655384,-30.27934522800011,-243.057686314802,-604.559837694072,-30.27934522800011,-243.057686314802,21.238455815076833,70
230,-8.214496283228677,6.7673907194557765,-0.9590373068055109,13.764452220031668,-0.9590373068055109,-58.11839322971194,-26.64569743576061,-30.44432353828745,-278.6529139839734,-602.8834990930773,-30.44432353828745,-278.6529139839734,21.678171136016218,70
231,-8.441459480497814,6.717123622166863,-1.0874347928971873,13.6871723786785,-1.0874347928971873,-57.68749030182899,-30.16977180774332,-30.568567907293712,-315.13976831626593,-601.0360656659083,-30.568567907293712,-315.13976831626593,22.100469757676134,70
232,-8.665631523645743,6.654118081939692,-1.2186870814695412,13.584649716079529,-1.2186870814695412,-57.15833341613611,-33.77091766579166,-30.649843266353116,-352.40770644423964,-599.064425526288,-30.649843266353116,-352.40770644423964,22.506199254433813,70
233,-8.886549838716027,6.577836361112258,-1.352332381687115,13.455826418440143,-1.352332381687115,-56.52724261433309,-37.437024966827465,-30.68601043481432,-390.3337301168844,-597.0151497112406,-30.68601043481432,-390.3337301168844,22.896354391943184,70
234,-9.10373282896308,6.487774616764294,-1.4878596874888972,13.299724390827123,-1.4878596874888972,-55.790776941283966,-41.154729892313405,-30.675049495855156,-428.78237489483365,-594.9332978903973,-30.675049495855156,-428.78237489483365,23.27202443845816,70
235,-9.316680759330485,6.383469917968712,-1.624709253357826,13.11545946817117,-1.624709253357826,-54.94577793736922,-44.90942863428437,-30.61508357741473,-467.60584847487735,-592.8611054815453,-30.61508357741473,-467.60584847487735,23.634329690139822,70
236,-9.524876889432555,6.26450747342159,-1.762273720791165,12.902255706769337,-1.762273720791165,-53.98941421998749,-48.685308022392356,-30.50440270419703,-506.6443338337825,-590.8365694551273,-30.50440270419703,-506.6443338337825,23.984347762538825,70
237,-9.727788873523092,6.130527981726081,-1.8998999493895536,12.659459538355964,-1.8998999493895532,-52.91922665581147,-52.4653944281131,-30.34148735230606,-545.7264713705825,-588.8919558982903,-30.34148735230606,-545.7264713705825,24.323030676470268,70
238,-9.924870444028675,5.981235003556885,-2.036891598630016,12.386553548728596,-2.0368915986300165,-51.73317355745196,-56.23162216397969,-30.12503130944777,-584.6700320726958,-587.0522583263055,-30.12503130944777,-584.6700320726958,24.65111428225971,70
239,-10.115563392623043,5.816402242636735,-2.1725124963058247,12.08316962661636,-2.172512496305824,-50.42967527435511,-59.96492231094848,-29.853963422417824,-623.2827909040637,-585.3336415393001,-29.853963422417824,-623.2827909040637,24.969022103766157,70
240,-10.299299859480648,5.635880611394268,-2.3059908172934356,11.74910121695349,-2.305990817293435,-49.00765749038493,-63.645332555327194,-29.52746780135469,-661.3636061076154,-583.7419112480956,-29.52746780135469,-661.3636061076154,25.276766219726586,70
241,-10.475504937241576,5.439604947854972,-2.4365240818128733,11.384314406913198,-2.436524081812873,-47.46659249210924,-67.25212820040453,-29.14500204838562,-698.7037059530736,-582.2710544252593,-29.14500204838562,-698.7037059530736,25.57384830745238,70
242,-10.643599591343413,5.227600243265044,-2.563284965845756,10.988957573808449,-2.563284965845756,-45.80653763483151,-70.7639740425685,-28.706313087987454,-735.0881797020018,-580.9018990472059,-28.706313087987454,-735.0881797020018,25.859164421881047,70
243,-10.80300389275081,4.999987235676751,-2.6854278981266573,10.56336933196619,-2.6854278981266573,-44.028170210383294,-74.15909627627903,-28.211450198448134,-770.2976642988351,-579.6009442484581,-28.211450198448134,-770.2976642988351,26.130917438486588,70
244,-10.953140552794583,4.756987223716004,-2.80209639849389,10.10808453141831,-2.80209639849389,-42.13281791395795,-77.4154730293459,-27.66077487865155,-804.1102126609416,-578.3194125953165,-27.66077487865155,-804.1102126609416,26.38654131834564,70
245,-11.093438742909957,4.49892595743068,-2.912431091844156,9.623838084954944,-2.912431091844156,-40.122484118885694,-80.5110415456471,-27.05496723192209,-836.3033236008527,-576.9925749286565,-27.05496723192209,-836.3033236008527,26.622641426469457,70
246,-11.223338174663244,4.226236469821807,-3.015578311045265,9.11156643169902,-3.0155783110452656,-37.99986719992459,-83.4239194459242,-26.39502860823154,-866.6561075705614,-575.5393948143327,-26.39502860823154,-866.6561075705614,26.834955023525996,70
247,-11.342293407743394,3.9394607236140553,-3.1106991815712637,8.572406484501814,-3.1106991815712632,-35.76837319853879,-86.13263693047848,-25.68228031649263,-894.9515567991837,-573.8625339529273,-25.68228031649263,-894.9515567991837,27.018335736541765,70
248,-11.44977834576753,3.6392499631168063,-3.196979061046019,8.007691954413545,-3.1969790610460187,-33.4321211983157,-88.6163762640347,-24.91835829819114,-920.9788832460252,-571.8487519257054,-24.91835829819114,-920.9788832460252,27.166765285879194,70
249,-11.5452908720417,3.326363680592962,-3.273637189068206,7.418946997203511,-3.2736371890682054,-30.995940874969385,-90.85521442710248,-24.105203739983146,-944.5358833625301,-569.369723504296,-24.105203739983146,-944.5358833625301,27.27339500524346,70
250,-11.628357570085559,3.0016671301476814,-3.3399363874031573,6.80787718303405,-3.339936387403157,-28.46536180233379,-92.8303644536163,-23.245049693404855,-965.4312851916385,-566.2832846764367,-23.245049693404855,-965.4312851916385,27.330618753406895,70
251,-11.698538467048545,2.6661273493507234,-3.395192638602142,6.1763578493093645,-3.395192638602142,-25.84659423157457,-94.52441072339826,-22.340403861490657,-983.487031052695,-562.43510492408,-22.340403861490657,-983.487031052695,27.33017770941982,70
252,-11.755431732397097,2.3208076790093832,-3.4387843630214134,5.526419956589873,-3.4387843630214134,-23.14650121289712,-95.92153335869253,-21.39402780165489,-998.540448147703,-557.6607686446367,-21.39402780165489,-998.540448147703,27.263296309567085,70
253,-11.798678259713329,1.9668608039437496,-3.470161210635488,4.860233626325581,-3.470161210635488,-20.372562093874386,-97.00771690067134,-20.40891287842853,-1010.4462600125942,-551.7882335492361,-20.40891287842853,-1010.4462600125942,27.120847278632937,70
254,-11.827966056372226,1.605520371358164,-3.4888521854098378,4.180089595005193,-3.4888521854098378,-17.532827601968798,-97.77093862266454,-19.388253375440513,-1019.0783938945086,-544.6406190978055,-19.388253375440513,-1019.0783938945086,26.893542394074206,70
255,-11.843034364480346,1.238091277416648,-3.4944729265868055,3.488378870186935,-3.494472926586806,-14.63586689612696,-98.20133217348636,-18.335417240597717,-1024.3315428602198,-536.0392642713658,-18.335417240597717,-1024.3315428602198,26.572144369281776,70
256,-11.843677436940306,0.8659387457963283,-3.486731983121646,2.787570917953536,-3.486731983121646,-11.690707148248508,-98.29132273104084,-17.253914989390754,-1026.1224466533902,-525.8069819611804,-17.253914989390754,-1026.1224466533902,26.147694122457203,70
257,-11.82974789496875,0.49047635316685073,-3.465435934548967,2.0801907470405583,-3.465435934548967,-8.706766384437055,-98.03573047050743,-16.147367326869812,-1024.3908618651255,-513.7714276410233,-16.147367326869812,-1024.3908618651255,25.611746778475514,70
258,-11.801159597888255,0.1131531845963571,-3.4304932334132783,1.3687952809509771,-3.430493233413278,-5.693780472736348,-97.43183989308169,-15.019472067992254,-1019.1001996393256,-499.7684933489904,-15.019472067992254,-1019.1001996393256,24.956609091660937,70
259,-11.75788996250681,-0.264559674233281,-3.3819166704993187,0.6559494248987492,-3.381916670499319,-2.661725283304632,-96.47943339463959,-13.87397093837359,-1010.2378176178904,-483.6456347614229,-13.87397093837359,-1010.2378176178904,24.175570623778917,70
260,-11.699981677781954,-0.6411830823340522,-3.319824393692824,-0.05579776106226786,-3.3198243936928242,0.379264836128841,-95.18078834816421,-12.714616823327578,-997.8149618127264,-465.2650395391932,-12.714616823327578,-997.8149618127264,23.263120992931807,70
261,-11.627543770553313,-1.0152439876340287,-3.244439443469793,-0.7639363779135754,-3.2444394434697927,3.418981036253807,-93.5406378954368,-11.545142003510627,-981.8663632164028,-444.5065492139943,-11.545142003510627,-981.8663632164028,22.21514583511166,70
262,-11.54075198965508,-1.3852895249454722,-3.1560878017049685,-1.4660181049620309,-3.156087801704969,6.4472250996182945,-91.56609655706383,-10.369227872151852,-962.4495028695179,-421.27025450365124,-10.369227872151852,-962.4495028695179,21.02909477994745,70
263,-11.439848488363397,-1.749900822619807,-3.0551949845810116,-2.159677358066742,-3.055194984581011,9.453894408696954,-89.26655264057854,-9.190476573912195,-939.6435674419282,-395.4786947493595,-9.190476573912195,-939.6435674419282,19.704115704546847,70
264,-11.325140798516763,-2.1077062796386925,-2.9422812437141146,-2.842650864186788,-2.9422812437141146,12.4290654298928,-86.65353022167686,-8.012384941399441,-913.5481248414799,-367.0786056296566,-8.012384941399441,-913.5481248414799,18.241150745015087,70
265,-11.19700010336064,-2.45739408816221,-2.8179554710615373,-3.51279537081724,-2.8179554710615373,15.363074431699278,-83.74052416523321,-6.838321035009518,-884.2815556718248,-336.04217476347867,-6.838321035009518,-884.2815556718248,16.64299095031371,70
266,-11.05585882978329,-2.797723795802334,-2.6829079316928435,-4.168103257745038,-2.682907931692844,18.24659422362602,-80.54281221764256,-5.671503517864898,-851.9792813167824,-302.36778151150395,-5.671503517864898,-851.9792813167824,14.914287983531775,70
267,-10.902207593707889,-3.127536726397327,-2.537901973168657,-4.806715871331554,-2.5379019731686565,21.070705799861763,-77.07724862375136,-4.514984022894191,-816.791832899732,-266.08021442069594,-4.514984022894191,-816.791832899732,13.06152283237282,70
268,-10.736591544583767,-3.4457651069213378,-2.3837648803263134,-5.426934456395049,-2.3837648803263134,23.826963894527815,-73.36204399071589,-3.3716325960545532,-778.8828072944492,-227.23037653802893,-3.3716325960545532,-778.8828072944492,11.092933005177985,70
269,-10.559606165819886,-3.7514397803209283,-2.22137805916884,-6.027228615942447,-2.22137805916884,26.507455599468372,-69.4165362352446,-2.244126230541439,-738.4267567630965,-185.89450450679539,-2.244126230541439,-738.4267567630965,9.018401088161317,70
270,-10.37189259731931,-4.043696418379854,-2.0516667429587603,-6.606242282810948,-2.0516667429587603,29.10485135590018,-65.26095741434452,-1.134940443375676,-695.6070577491782,-142.17294130987491,-1.134940443375676,-695.6070577491782,6.849308760841547,70
271,-10.174132553768182,-4.321780183988085,-1.8755894174258372,-7.162797238213397,-1.8755894174258367,31.612447802555728,-60.91620106356333,-0.04634378941324524,-650.6138019973615,-96.1885142245499,-0.04634378941324524,-650.6138019973615,4.598361360542415,70
272,-9.967042917842374,-4.58504882726465,-1.6941271603222263,-7.695894258951318,-1.6941271603222263,34.024202139736175,-56.403594366544674,1.0196048404595501,-603.6417496921085,-48.08457863735148,1.0196048404595501,-603.6417496921085,2.2793888196421226,70
273,-9.75137009093526,-4.832974233751741,-1.508273083721184,-8.204712016616435,-1.5082730837211842,36.334757845498714,-51.74467907520315,2.061056329852695,-554.8883799190514,1.9772053714200188,2.061056329852695,-554.8883799190514,-0.09287074598570562,70
274,-9.527884185374136,-5.065142474373119,-1.319022055955324,-8.68860388767596,-1.3190220559553238,38.539461751943506,-46.961004613242665,3.0763690799441488,-504.5520686898442,53.81929337602076,3.0763690799441488,-504.5520686898442,-2.502998342841426,70
275,-9.297373141448244,-5.281252435188923,-1.127360864573798,-9.14709286242085,-1.1273608645737976,40.63437265157381,-42.073936250648856,4.064104631263821,-452.83041926975926,107.25080298004019,4.064104631263821,-452.83041926975926,-4.935125933862258,70
276,-9.060636850050885,-5.481113129516932,-0.9342589629160752,-9.579864763115761,-0.9342589629160749,42.616261752007105,-37.104480656725734,5.0230214246080385,-399.9187638357916,162.07011726304538,5.0230214246080385,-399.9187638357916,-7.373166760548794,70
277,-8.818481357532075,-5.6646398152465505,-0.7406599216727746,-9.986759997326388,-0.7406599216727745,44.48260542864415,-32.073130546695786,5.952066968340103,-346.00884978144455,218.06748053953692,5.952066968340103,-346.00884978144455,-9.801038640081817,70
278,-8.571713223699645,-5.831849055863181,-0.5474736839743817,-10.367764081541782,-0.5474736839743817,46.231570836844135,-26.999729552292855,6.8503686796010905,-291.28771845629956,275.02752772159295,6.8503686796010905,-291.28771845629956,-12.202875409496977,70
279,-8.321134097060357,-5.982852874730706,-0.3555696989475592,-10.72299717326322,-0.35556969894755897,47.86199503611936,-21.90335788792508,7.717223661582421,-235.9367789363976,332.7316960549057,7.717223661582421,-235.9367789363976,-14.56322248598532,70
280,-8.067535563641181,-6.117852158626198,-0.1657709850902483,-11.052702847253386,-0.16577098509024824,49.373358348094044,-16.80223886552579,8.552087668965127,-180.13107468411374,390.96047646172434,8.552087668965127,-180.13107468411374,-16.867213374812163,70
281,-7.8116943173608275,-6.237129468616381,0.021150848051519875,-11.357236344296876,0.021150848051519233,50.76575271750245,-11.71366584442731,9.354563499871878,-124.03873675806163,449.49547074292155,9.354563499871878,-124.03873675806163,-19.10072484017509,70
282,-7.554367691214817,-6.341041414468139,0.20447961295714556,-11.63705250934893,0.204479612957146,52.039845872039365,-6.653948795454698,10.12438903611486,-67.82061362710652,508.12123006510063,10.12438903611486,-67.82061362710652,-21.250509320009655,70
283,-7.2962895797564205,-6.430010743354747,0.3835576047093271,-11.892693621118589,0.3835576047093272,53.196842083750276,-1.6383793156644948,10.861425135001507,-11.630064650473955,566.6268591343537,10.861425135001507,-11.630064650473955,-23.30430397977005,70
284,-7.0381667747419385,-6.504518285181544,0.5577877393151098,-12.124777297715465,0.5577877393151103,54.23844032363749,3.318787346356364,11.565643556219943,44.38709809331533,624.8073789382314,11.565643556219943,44.38709809331533,-25.250916535889445,70
285,-6.78067572756783,-6.565094885977931,0.7266348150156386,-12.33398464373954,0.7266348150156388,55.16679057443248,8.204334905676253,12.237115087020747,100.09253673529784,682.4648486866091,12.237115087020747,100.09253673529784,-27.08028861757993,70
286,-6.524459744435088,-6.612313448065289,0.8896259542083382,-12.521048783808219,0.8896259542083385,55.98444902641341,13.006075095798156,12.87599800856794,155.3552016455524,739.4092544259445,12.87599800856794,155.3552016455524,-28.783537963536176,70
287,-6.270126613168154,-6.646781181681635,1.046350293313751,-12.686743906631616,1.0463502933137514,56.694332830247234,17.71282505165408,13.482527026383945,210.05105163750994,795.4591776260755,13.482527026383945,210.05105163750994,-30.35298116227532,70
288,-6.018246654390578,-6.669132157960549,1.1964579950084202,-12.83187492292279,1.1964579950084204,57.29967502162841,22.314374945833748,14.05700276858741,264.0626997013201,850.4422617837265,14.05700276858741,264.0626997013201,-31.782138941380822,70
289,-5.769351184383043,-6.6800202381135705,1.3396586618428827,-12.957267820133875,1.339658661842883,57.80398016741334,26.801447792469453,14.599781937347217,317.2790035044183,904.1954987383626,14.599781937347217,317.2790035044183,-33.06572619676215,70
290,-5.523931372448253,-6.68011243878375,1.4757192325627044,-13.063760777626523,1.4757192325627042,58.210981214318814,31.16565328213956,15.111268181807302,369.5946194399864,956.5653589794365,15.111268181807302,369.5946194399864,-34.19962903697607,70
291,-5.282437471984558,-6.670082779188837,1.6044614426860202,-13.152196087707985,1.60446144268602,58.52459795114805,35.39943742608687,15.5919037447455,420.9095382550781,1007.4077917940014,15.5919037447455,420.9095382550781,-35.18087111119549,70
292,-5.04527840169783,-6.650606642152946,1.7257589293321385,-13.223412911204878,1.7257589293321383,58.748897425782204,39.496029675286,16.042161920439064,471.1286192952186,1056.5881217377216,16.042161920439064,471.1286192952186,-36.00757140590712,70
293,-4.812821651413509,-6.622355668664067,1.8395340572251406,-13.278240881038277,1.8395340572251406,58.88805659040185,43.44938904526889,16.462540347586863,520.1611391995793,1103.9808677021317,16.462540347586863,520.1611391995793,-36.67889554912716,70
294,-4.585393485721502,-6.585993194354082,1.9457545385025696,-13.317494553673466,1.9457545385025692,58.94632738388144,47.254150626497434,16.853555148624814,567.9203695028593,1149.4695098975048,16.853555148624814,567.9203695028593,-37.19500246632908,70
295,-4.3632794181210866,-6.542170226380234,2.0444299137213324,-13.34196869635294,2.0444299137213324,58.92800440004406,50.90557369716292,17.21573591527684,614.3231960721546,1192.9462284774922,17.21573591527684,614.3231960721546,-37.556988003445554,70
296,-4.14672492834368,-6.491521950640337,2.135607955536731,-13.352434387644664,2.135607955536731,58.8373952352298,54.399492484759065,17.549621529615372,659.2897916502658,1234.31163540312,17.549621529615372,659.2897916502658,-37.76682688249903,70
297,-3.9359363960300042,-6.434664752079682,2.219371050178447,-13.349635899974626,2.2193710501784465,58.67879355892204,57.73227044817231,17.855756800163135,702.7433510073713,1273.4745185807471,17.855756800163135,702.7433510073713,-37.82731409671374,70
298,-3.7310822248335325,-6.372193725008236,2.2958326052759723,-13.33428832536382,2.2958326052759723,58.45645490727489,60.900758776390774,18.134689883561194,744.6098963346388,1310.3516144082785,18.134689883561194,744.6098963346388,-37.74200659510026,70
299,-3.5322941322242185,-6.3046806457743525,2.365133525983699,-13.307075899441225,2.365133525983699,58.17457516138527,63.902259625882,18.38697045398501,784.8181585596839,1344.867421718819,18.38697045398501,784.8181585596839,-37.515165860736786,70
300,-3.339668581692299,-6.232672376744325,2.427438794879692,-13.268650973834546,2.427438794879692,57.837271639978155,66.7344944484384,18.61314857475428,823.2995382384523,1376.95406680841,18.61314857475428,823.2995382384523,-37.151701760027706,70
301,-3.153268335620939,-6.156689668208354,2.4829341848913473,-13.219633583131355,2.4829341848913478,57.44856670962284,69.39557759686869,18.81377421943241,859.9881475985156,1406.5512258585072,18.81377421943241,859.9881475985156,-36.65711783832646,70
302,-2.9731241087398024,-6.07722632345527,2.5318231286344437,-13.1606115496425,2.5318231286344437,57.01237379435669,71.8839952390811,18.98939738314696,894.8209331951501,1433.6061076938606,18.98939738314696,894.8209331951501,-36.037458065194485,70
303,-2.799236303725837,-5.994748691708897,2.5743237621142447,-13.092141067089479,2.5743237621142443,56.53248565028029,74.19858946360297,19.14056871892184,927.7378765206329,1458.0734965301222,19.14056871892184,927.7378765206329,-35.299254893560644,70
304,-2.631576812131713,-5.909695453775897,2.6106661557772988,-13.014747702993557,2.6106661557772988,56.012564758860236,76.33854732301405,19.26784062855556,958.6822678104435,1479.9158512367435,19.26784062855556,958.6822678104435,-34.44947839309543,70
305,-2.470090865353459,-5.8224776660002435,2.641089741450095,-12.928927758901903,2.641089741450095,55.45613568486809,78.30339443777817,19.37176873310086,987.6010462558761,1499.1034547417373,19.37176873310086,987.6010462558761,-33.4954861499091,70
306,-2.314698921765196,-5.733479029340602,2.6658409397667704,-12.8351499275945,2.66584093976677,54.86657924061083,80.09299267312176,19.45291364440797,1014.4451979045436,1515.6146046040035,19.45291364440797,1014.4451979045436,-32.44497359166803,70
307,-2.1652985774282256,-5.643056351980496,2.685170989269253,-12.733857187042698,2.685170989269253,54.24712829689234,81.70754130748655,19.511842956613624,1039.1702007567328,1529.4358335404506,19.511842956613624,1039.1702007567328,-31.30592439773785,70
308,-2.021766488910982,-5.5515401757525815,2.6993339754442873,-12.625468872114311,2.6993339754442878,53.60086508251969,83.14758103415465,19.549133375020148,1061.7365049980294,1540.5621468774348,19.549133375020148,1061.7365049980294,-30.08656068525948,70
309,-1.8839602977321168,-5.459235538724557,2.708585055518105,-12.510382866830543,2.708585055518105,52.93071981769473,84.41400007923254,19.56537289964004,1082.110034999119,1548.9972625492683,19.56537289964004,1082.110034999119,-28.795292720480667,70
310,-1.7517205467642873,-5.3664228484815455,2.71317887282999,-12.388977862369057,2.7131788728299897,52.23947053189626,85.50804168040075,19.561162981891574,1100.2626987127496,1554.75383843078,19.561162981891574,1100.2626987127496,-27.44066798568016,70
311,-1.6248725796227705,-5.273358842886298,2.71336815301467,-12.261615628969535,2.7133681530146703,51.52974392348998,86.43131215248198,19.53712057560573,1116.172889451131,1557.8536714933114,19.53712057560573,1116.172889451131,-26.031319530450485,70
312,-1.5032284146264219,-5.180277617351512,2.70940247300192,-12.128643253420464,2.70940247300192,50.804017125961344,87.18578876836584,19.493880007692013,1129.8259647725438,1558.3278535261834,19.493880007692013,1129.8259647725438,-24.575913646235183,70
313,-1.3865885853801068,-5.087391699875303,2.701527192950067,-11.990395297868703,2.701527192950067,50.06462025405387,87.7738267070788,19.432094599516105,1141.2146873709714,1556.2168689638247,19.432094599516105,1141.2146873709714,-23.08309701884422,70
314,-1.274743940411562,-4.994893157237354,2.689982540628762,-11.84719584026243,2.6899825406287623,49.31373961195239,88.19816436419495,19.352437977217278,1150.3396134609836,1551.57062167908,19.352437977217278,1150.3396134609836,-21.561443629090064,70
315,-1.1674773946267831,-4.902954717802844,2.675002837416416,-11.699360361762979,2.675002837416416,48.55342145475027,88.46192638215521,19.255605017735547,1157.2094151807019,1544.4483794037578,19.255605017735547,1157.2094151807019,-20.019401780755352,70
316,-1.0645656256534355,-4.8117308983150755,2.656815854942695,-11.547197451875723,2.6568158549426952,47.78557620360054,88.56862383760773,19.142312387068735,1161.8411249800854,1534.9186266577756,19.142312387068735,1161.8411249800854,-18.4652417322797,70
317,-0.9657807084454635,-4.721359123861973,2.6356422914514477,-11.391010307767905,2.6356422914514477,47.01198302401023,88.52215111723228,19.01329863802275,1164.260291785005,1523.0588196308624,19.01329863802275,1164.260291785005,-16.90700448892834,70
318,-0.8708916818475848,-4.6319608318682315,2.6116953571530233,-11.231098010161219,2.6116953571530237,46.234294685574795,88.32677911977842,18.869323846192646,1164.5010408777696,1508.95503927425,18.869323846192646,1164.5010408777696,-15.352452371739822,70
319,-0.7796660411852845,-4.543642552490044,2.585180458147913,-11.067756564192909,2.5851804581479128,45.454042629964135,87.98714453688741,18.711168774814904,1162.6060318451707,1492.701541821257,18.711168774814904,1162.6060318451707,-13.809022015231502,70
320,-0.6918711513699214,-4.456496959172559,2.5562949689104353,-10.901279699605492,2.5562949689104357,44.67264218208979,87.50823508504885,18.539633571133205,1158.6263115370527,1474.4002089566275,18.539633571133205,1158.6263115370527,-12.283780455846106,70
321,-0.6072755755004229,-4.370603884373547,2.5252280837987207,-10.731959430419636,2.525228083798721,43.89139784704672,86.89537068191872,18.355536008676278,1152.6210616637816,1454.159902784041,18.355536008676278,1152.6210616637816,-10.783384956854452,70
322,-0.5256503145096646,-4.286031296565612,2.492160738585655,-10.560086379737362,2.492160738585655,43.111508642601265,86.15418067835182,18.15970930101564,1144.6572433473666,1432.0957334924587,18.15970930101564,1144.6572433473666,-9.314047173568781,70
323,-0.44676995404511133,-4.202836235608944,2.4572655935676107,-10.385949880387631,2.4572655935676107,42.33407342366235,85.29057736917083,17.952999522827863,1134.8091435354252,1408.3282500965943,17.952999522827863,1134.8091435354252,-7.8815021971279755,70
324,-0.37041371548647406,-4.121065704445272,2.4207070703890015,-10.209837866650112,2.4207070703890015,41.56009616132088,84.31072610748996,17.736262683137316,1123.1578306008641,1382.982566739311,17.736262683137316,1123.1578306008641,-6.490982928726876,70
325,-0.2963664087794351,-4.0407575158092275,2.3826414353088325,-10.032036576179749,2.382641435308833,40.79049114467152,83.22101243637141,17.51036150321333,1109.7905286028272,1356.1874387260857,17.51036150321333,1109.7905286028272,-5.147200132806706,70
326,-0.2244192855916831,-3.9619410932945605,2.343216922220427,-9.852830084428582,2.343216922220427,40.02608807875353,82.02800672531443,17.27616195754956,1094.7999215080304,1328.074303665354,17.27616195754956,1094.7999215080304,-3.854328401882519,70
327,-0.1543707921600288,-3.8846382266581903,2.302573889309224,-9.67249969627192,2.302573889309224,39.2676370565752,80.73842685581437,17.03452964053503,1078.2834001133972,1298.7763037870814,17.03452964053503,1078.2834001133972,-2.615998142259997,70
328,-0.08602722207801054,-3.808863781704203,2.260845003789586,-9.491323221168756,2.2608450037895866,38.51581338734534,79.35909953893426,16.786326023776315,1060.3422654351825,1268.427305700264,16.786326023776315,1060.3422654351825,-1.435293563915728,70
329,-0.019203270152985428,-3.734626365470932,2.2181554496951126,-9.30957415902389,2.2181554496951126,37.77122226674759,77.89692086819743,16.53240466955906,1041.0809029196992,1237.1609335453327,16.53240466955906,1041.0809029196992,-0.3147565342027505,70
330,40.0,-3.6619289477555443,2.174623154204236,-9.127520823999296,2.174623154204236,37.034403278384865,76.35881671350617,56.227329954038254,1053.7521139785936,1293.2858889278812,56.227329954038254,1053.7521139785936,0.7980124679447904,70
331,40.0,-3.5907694402599684,2.1303590284615184,-8.945425432896373,2.130359028461519,36.30583471842212,74.75170354724831,55.90017858977299,1032.0992835531197,1259.8491676095994,55.90017858977299,1032.0992835531197,1.867950480476292,70
332,40.0,-3.521141234837268,2.0854672193034984,-8.763543183471732,2.0854672193034984,35.585937737996346,73.08245026385676,55.57080373597225,1009.4351168508387,1225.8825614737175,55.57080373597225,1009.4351168508387,2.8714396888853813,70
333,40.0,-3.4530337024648348,2.040045368715133,-8.582121346243005,2.040045368715133,34.875080300166964,71.3578415108538,55.239842701170815,985.8683221969958,1191.5101642156656,55.239842701170815,985.8683221969958,3.8079584222394445,70
334,40.0,-3.386432654677403,1.994184878229199,-8.401398391089778,1.9941848782291995,34.173580950085494,69.58454299522577,54.90791719930512,961.5066473866132,1156.8517102213684,54.90791719930512,961.5066473866132,4.677434951682841,70
335,40.0,-3.3213207692635165,1.9479711758359826,-8.221603167360794,1.9479711758359821,33.481712398687066,67.76906916635689,54.575630533727654,936.45615967448,1122.0219521090169,54.575630533727654,936.45615967448,5.480217045767667,70
336,40.0,-3.2576779820699504,1.9014839832958992,-8.042954153372609,1.901483983295899,32.79970492158592,65.91775360837649,54.24356501570561,910.8205810810985,1087.1301242562347,54.24356501570561,910.8205810810985,6.217039100072718,70
337,40.0,-3.1954818467737103,1.8547975820436151,-7.8656587882294335,1.8547975820436153,32.12774957600931,64.03672240319369,53.9122796463809,884.7006856394898,1052.2794949440902,53.9122796463809,884.7006856394898,6.888987486825691,70
338,40.0,-3.134707864475182,1.8079810761405337,-7.689912895908705,1.8079810761405335,31.4660012395582,62.13187065317412,53.58230808371644,858.193763474114,1017.5670077949761,53.58230808371644,858.193763474114,7.4974647557471386,70
339,40.0,-3.075329784942365,1.76109865097452,-7.515900208630075,1.76109865097452,30.814581475358928,60.20884228155564,53.25415690867893,831.3931548999099,983.0830113804066,53.25415690867893,831.3931548999099,8.044153288419494,70
340,40.0,-3.01731988129826,1.7142098266229224,-7.343791993733714,1.7142098266229226,30.173581228788695,58.27301316122721,52.92830419799742,804.3878561056626,948.9110742674974,52.92830419799742,804.3878561056626,8.530978967446382,70
341,40.0,-2.960649199894132,1.6673697049890581,-7.173746785700329,1.6673697049890581,29.543063361438076,56.32947755998956,52.60519840444138,777.2621964818595,915.1278813875973,52.60519840444138,777.2621964818595,8.960075371005306,70
342,40.0,-2.905287787053316,1.6206292099949933,-7.005910222599152,1.6206292099949935,28.923065028334385,54.38303783411067,52.28525753980191,750.0955863003185,881.8032064641418,52.28525753980191,750.0955863003185,9.333748945666507,70
343,40.0,-2.851204894305335,1.5740353202662476,-6.8404149841858,1.5740353202662476,28.31359990470468,52.43819725275105,51.968868650714896,722.9623322732289,848.9999543356112,51.968868650714896,722.9623322732289,9.654445548045116,70
344,40.0,-2.798369163660451,1.5276312938786443,-6.677380827110786,1.5276312938786445,27.714660268722405,50.49915579419591,51.656387573188155,695.93151752606,816.774266350283,51.656387573188155,695.93151752606,9.924718681321588,70
345,40.0,-2.746748794401767,1.4814568848554417,-6.5169147112498464,1.4814568848554417,27.126218946768542,48.5698087210035,51.34813894820144,669.0669417172103,785.1756815812449,51.34813894820144,669.0669417172103,10.147199688011407,70
346,40.0,-2.6963116927971664,1.4355485512056,-6.359111010027418,1.4355485512056003,26.548231127759895,46.65374771510311,51.04441647803365,642.4271164252696,754.2473463954777,51.04441647803365,642.4271164252696,10.324570097422187,70
347,40.0,-2.6470256060577806,1.389939654383134,-6.204051796762872,1.3899396543831342,25.980636053063925,44.75426433525273,50.74548340100317,616.0653104943215,724.02626488769,50.74548340100317,616.0653104943215,10.459536266516132,70
348,40.0,-2.5988582417940247,1.3446606501239289,-6.051807198505899,1.344660650123929,25.42335858843801,42.87435554760287,50.451573161035505,590.029639765962,694.5435828327004,50.451573161035505,590.029639765962,10.554806397588191,70
349,40.0,-2.5517773741456478,1.2997392706818762,-5.9024358085193,1.2997392706818764,24.876310684312863,41.01673107479419,50.16289024783608,564.363195517519,665.8248980929818,50.16289024783608,564.363195517519,10.613069966145648,70
350,40.0,-2.5057509376892106,1.2552006985416313,-5.755985148485738,1.255200698541631,24.33939273059167,39.18382230931363,49.87961118337377,539.1042059506008,637.8905908132033,49.87961118337377,539.1042059506008,10.636979548199667,70
351,40.0,-2.4607471101550273,1.2110677317316,-5.61249217162802,1.2110677317316,23.812494811959688,37.377792541957405,49.601885630791,514.2862252126139,610.7561672148197,49.601885630791,514.2862252126139,10.629134998151583,70
352,40.0,-2.416734384917057,1.1673609408994903,-5.47198379821118,1.1673609408994905,23.29549786950815,35.60054826542509,49.329837602677244,489.93834466635116,584.4326113463444,49.329837602677244,489.93834466635116,10.59206989663622,70
353,40.0,-2.3736816341529337,1.1240988183441527,-5.334477475305571,1.1240988183441527,22.78827477426675,33.85375132548013,49.063566746788645,466.0854214290183,558.9267397259007,49.063566746788645,466.0854214290183,10.528240161931674,70
354,40.0,-2.3315581635080505,1.0812979192227898,-5.199981753205144,1.0812979192227896,22.290691318020667,32.138831707024444,48.80314968869837,442.74831956375476,534.2415544121811,48.80314968869837,442.74831956375476,10.440014698563944,70
355,40.0,-2.290333759037339,1.03897299517253,-5.068496871486216,1.0389729951725302,21.80260712656332,30.45700075914088,48.548641412448326,419.9441597064624,510.37659064065275,48.548641412448326,419.9441597064624,10.32966794210976,70
356,40.0,-2.2499787271410687,0.9971371206004748,-4.940015348333697,0.9971371206004747,21.323876500306095,28.809264681021116,48.30007666198032,397.6865733332774,487.3282557494077,48.30007666198032,397.6865733332774,10.199374149430854,70
357,40.0,-2.210463928156842,0.9558018119073789,-4.814522567432416,0.9558018119073788,20.854349186936112,27.196438109163125,48.05747134789872,375.98595830594667,465.0901566819758,48.05747134789872,375.98595830594667,10.051203278109526,70
358,40.0,-2.1717608042188283,0.9149771399175097,-4.691997357401011,0.9149771399175097,20.393871090582387,25.619157664801584,47.820823945908636,354.84973276232165,443.65341388377334,47.820823945908636,354.84973276232165,9.887118297120338,70
359,40.0,-2.1338414019472993,0.8746718357917009,-4.5724125594196785,0.8746718357917009,19.94228492172452,24.077895338837113,47.59011687504406,334.28258483806434,423.00695989845104,47.59011687504406,334.28258483806434,9.70897377219628,70
360,40.0,-2.096678390486292,0.8348933907022182,-4.455735579356219,0.8348933907022182,19.49943079185253,22.572971609207922,47.36531784551522,314.2867161058774,403.13782141581845,47.36531784551522,314.2867161058774,9.51851557336832,70
0,-0.29043143409368477,-1.5846530612244893,0.7660408163265304,-2.200524156352417,0.7660408163265304,15.0204081632653,-9.862734260177172,2.3585034465832773,-170.5569001470581,-41.182540142275506,2.3585034465832773,-170.5569001470581,-1.2354762042682654,40
1,-0.20112113874179716,-1.5617899064032488,0.7296627702480475,-2.122214903680712,0.7296627702480474,14.680757764331466,-10.833979477688448,2.2931942889341346,-185.32907248645253,-54.0741217937976,2.2931942889341346,-185.32907248645253,-1.6532836512091365,40
2,-0.11152380490532243,-1.5392540353328474,0.6938367061616514,-2.0478391029926533,0.6938367061616515,14.34707001031784,-11.73036885854831,2.237416688977185,-198.4049439516119,-65.40318065143218,2.237416688977185,-198.4049439516119,-2.036698876725871,40
3,-0.02173821583438429,-1.5170295119999169,0.6585595937921085,-1.977109503473375,0.6585595937921084,14.01921608279913,-12.558417465202803,2.190382421249203,-209.97291126368836,-75.3502411080546,2.190382421249203,-209.97291126368836,-2.388512370904952,40
4,40.0,-1.495100916035754,0.6238281109020122,-1.9097625968083614,0.6238281109020121,13.697067805601773,-13.324028006510934,42.08322484315654,-166.6723793011047,-1.479276364745224,42.08322484315654,-166.6723793011047,-0.04770484980999291,40
5,40.0,-1.4734533303976691,0.5896386754282584,-1.8455563760316172,0.5896386754282584,13.380497785864165,-14.032551660787206,41.96167494536324,-176.89238826110972,-10.5008951944714,41.96167494536324,-176.89238826110972,-0.3443303456633516,40
6,40.0,-1.452072328772681,0.5559874753281716,-1.7842683142410762,0.5559874753281715,13.069379539888896,-14.68884277531818,41.846940593811865,-186.0135322098993,-18.515982952121977,41.846940593811865,-186.0135322098993,-0.6170298440379712,40
7,40.0,-1.4309439627770435,0.5228704962742498,-1.725693543333139,0.5228704962742498,12.763587604919113,-15.29730800648816,41.73853472533417,-194.15331510387995,-25.635242749604416,41.73853472533417,-194.15331510387995,-0.8677419424617914,40
8,40.0,-1.4100547490169717,0.49028354732945756,-1.6696432139591335,0.49028354732945756,12.462997637897027,-15.861950432443553,41.636009486667284,-201.4161545120267,-31.956567416887236,41.636009486667284,-201.4161545120267,-1.0982431220908135,40
9,40.0,-1.38939165606861,0.4582222847282079,-1.615943019149625,0.4582222847282079,12.167486502193528,-16.386409133362122,41.53895256695056,-207.89492076279103,-37.566602345982204,41.53895256695056,-207.89492076279103,-1.3101607068316494,40
10,40.0,-1.3689420914285306,0.42668223388157606,-1.5644318653857914,0.426682233881576,11.876932343231797,-16.873994695545235,41.44698389889312,-213.67228626039415,-42.542108886395454,41.44698389889312,-213.67228626039415,-1.5049850065377417,40
11,40.0,-1.3486938884799702,0.3956588097189433,-1.5149606762512053,0.39565880971894324,11.591214653866187,-17.327721056534177,41.35975269136407,-218.821908979202,-46.9511544628302,41.35975269136407,-218.821908979202,-1.6840806329997309,40
12,40.0,-1.328635293514466,0.3651473354721591,-1.4673913151246745,0.36514733547215905,11.310214330319267,-17.75033407049015,41.27693475948565,-223.40947113897917,-50.854152153040644,41.27693475948565,-223.40947113897917,-1.8486969984470194,40
13,40.0,-1.3087549528434936,0.3351430600024239,-1.4215956146453501,0.3351430600024239,11.033813719424879,-18.144337136935338,41.19823012149509,-227.4935914042841,-54.30476945776887,41.19823012149509,-227.4935914042841,-1.9999780208466034,40
14,40.0,-1.2890419000301754,0.3056411737644808,-1.3774545018762328,0.3056411737644808,10.761896657873665,-18.51201420210081,41.123360834636266,-231.12662660950832,-57.35072337219033,41.123360834636266,-231.12662660950832,-2.138971070012774,40
15,40.0,-1.2694855432669727,0.2766368234973098,-1.3348572092020687,0.2766368234973098,10.494348504108844,-18.855450410781632,41.05206904512462,-234.35537695645954,-60.03447658655545,41.05206904512462,-234.35537695645954,-2.2666351946414407,40
16,40.0,-1.2500756529215609,0.24812512572538076,-1.2937005620180857,0.2481251257253807,10.23105616347459,-19.176550657851422,40.984115229786404,-237.22170683410258,-62.39384766288048,40.984115229786404,-237.22170683410258,-2.38384867380193,40
17,40.0,-1.2308023492696991,0.22010117914961355,-1.2538883351972614,0.22010117914961363,9.971908107176596,-19.477056262407256,40.919276609307694,-239.7630918413364,-64.46254631770016,40.919276609307694,-239.7630918413364,-2.491415937877059,40
18,40.0,-1.211656090430897,0.19256007600252756,-1.2153306711687306,0.1925600760025275,9.716794385574486,-19.758559963799293,40.85734571514622,-242.0131012266557,-66.27064345458336,40.85734571514622,-242.0131012266557,-2.590073903987216,40
19,40.0,-1.1926276605199273,0.1654969124376091,-1.1779435532026405,0.16549691243760922,9.465606636288069,-20.022519417421492,40.79812909407073,-244.00182376895947,-67.84498430458586,40.79812909407073,-244.00182376895947,-2.6804977699897385,40
20,40.0,-1.1737081580247888,0.13890679801873168,-1.1416483281828524,0.13890679801873174,9.218238087564536,-20.2702693489303,40.74144613601251,-245.75624408941727,-69.20955192147784,40.74144613601251,-245.75624408941727,-2.7633063095233177,40
21,40.0,-1.1548889844195445,0.11278486437142021,-1.1063712737641982,0.11278486437142021,8.974583557320685,-20.50303250834881,40.68712801245532,-247.3005754855144,-70.38578731816364,40.68712801245532,-247.3005754855144,-2.839066708507138,40
22,40.0,-1.1361618330184593,0.0871262730539997,-1.0720432053615192,0.08712627305399961,8.734539448243655,-20.72192955012897,40.63501671397057,-248.6565545976744,-71.3928717007744,40.63501671397057,-248.6565545976744,-2.9082989811811,40
23,40.0,-1.1175186780761488,0.06192622270304094,-1.0385991189093386,0.061926222703040934,8.498003739305005,-20.927987951516993,40.58496417673628,-249.84370254081344,-72.24797553971305,40.58496417673628,-249.84370254081344,-2.9714800013178158,40
24,40.0,-1.0989517641368551,0.037179955504130786,-1.0059778657693115,0.03717995550413078,8.264875974016011,-21.12215006933573,40.53683148897694,-250.87955654431522,-72.96647859700691,40.53683148897694,-250.87955654431522,-3.029047181742471,40
25,40.0,-1.0804535956346037,0.012882763035786256,-0.9741218565533146,0.012882763035786171,8.035057245727351,-21.305280424403335,40.490488169241004,-251.779875632296,-73.56216449322832,40.490488169241004,-251.779875632296,-3.0814018328267903,40
26,40.0,-1.0620169267447401,-0.010970008468728705,-0.9429767909772312,-0.010970008468728754,7.808450180252574,-21.478172293128218,40.445811509302544,-252.5588234316378,-74.04739293360358,40.445811509302544,-252.5588234316378,-3.128912228232256,40
27,40.0,-1.043634751486298,-0.03438295339975733,-0.912491411170139,-0.03438295339975728,7.584958916073571,-21.641553677198658,40.40268597525001,-253.22913080872576,-74.4332523114578,40.40268597525001,-253.22913080872576,-3.1719164038832,40
28,40.0,-1.0253002940736522,-0.05736060255058272,-0.8826172761380086,-0.057360602550582784,7.36448908236539,-21.796092714641564,40.36100266101245,-253.80224069991777,-74.72969505963746,40.36100266101245,-253.80224069991777,-3.210724713988256,40
29,40.0,-1.0070069995151092,-0.07990741936108069,-0.8533085553258499,-0.07990741936108076,7.146947775059346,-21.942402588716067,40.320658789187426,-254.2884372082139,-74.94565781919698,40.320658789187426,-254.2884372082139,-3.2456221658923705,40
30,40.0,-0.9887485244553389,-0.10202779659143159,-0.824521839439285,-0.10202779659143169,6.932243531145495,-22.081045985068958,40.2815572545786,-254.69696078400648,-75.08916823339513,40.2815572545786,-254.69696078400648,-3.2768705536498897,40
31,40.0,-0.9705187282579231,-0.12372605339391361,-0.7962159668797467,-0.12372605339391363,6.720286301399249,-22.212539142208865,40.2436062063351,-255.0361110858877,-75.16743994824428,40.2436062063351,-255.0361110858877,-3.304710408453891,40
32,40.0,-0.9523116643237429,-0.14500643275289818,-0.7683518643193957,-0.14500643275289815,6.510987421701748,-22.337355535581057,40.20671866501575,-255.31333892395335,-75.1869572038133,40.20671866501575,-255.31333892395335,-3.3293627824365934,40
33,40.0,-0.9341215716404693,-0.16587309926520208,-0.7408924000945369,-0.1658730992652021,6.304259583109317,-22.455929231284475,40.170812171283494,-255.53532851920673,-75.15355022921655,40.170812171283494,-255.53532851920673,-3.351030880868064,40
34,40.0,-0.9159428665580104,-0.1863301372348129,-0.7138022492324326,-0.18633013723481295,6.100016800814295,-22.56865794169628,40.13580846327666,-255.7080711651252,-75.07246250512941,40.13580846327666,-255.7080711651252,-3.369901556414416,40
35,40.0,-0.8977701347844339,-0.20638154905778688,-0.6870477690473663,-0.20638154905778688,5.898174382127186,-22.675905811914248,40.10163318000643,-255.8369312485479,-74.94841082786148,40.10163318000643,-255.8369312485479,-3.386146677869656,40
36,40.0,-0.8795981235966094,-0.22603125387478232,-0.6605968843497709,-0.2260312538747823,5.698648893598776,-22.77800596293619,40.06821558840053,-255.92670547418624,-74.78563899580416,40.06821558840053,-255.92670547418624,-3.3999243846349776,40
37,40.0,-0.8614217342595787,-0.2452830864702503,-0.6344189814082603,-0.24528308647025027,5.501358127390336,-22.875262814835573,40.03548833185341,-255.98167603829447,-74.58796584031658,40.03548833185341,-255.98167603829447,-3.4113802371819117,40
38,40.0,-0.8432360146484735,-0.2641407963987856,-0.6084848098901556,-0.2641407963987856,5.306221066990097,-22.967954210819773,40.00338719835814,-256.00565841042936,-74.35882823683785,40.00338719835814,-256.00565841042936,-3.420648272790637,40
39,40.0,-0.8250361520666687,-0.2826080473205114,-0.5827663920826804,-0.28260804732051137,5.113157852365342,-23.0563333609407,39.9718509064867,-256.0020443062354,-74.10131965657372,39.9718509064867,-256.0020443062354,-3.427851974994918,40
40,40.0,-0.806817466253726,-0.300688416528668,-0.5572369387651102,-0.30068841652866796,4.9220897446307745,-23.14063062234364,39.94082090765607,-255.97384036753007,-73.8182247531364,39.94082090765607,-255.97384036753007,-3.4331051643863075,40
41,40.0,-0.7885754025766304,-0.31838539465380417,-0.5318707711634656,-0.31838539465380405,4.732939090306255,-23.221055131250573,39.91024120327073,-255.9237030072608,-73.51205042065735,39.91024120327073,-255.9237030072608,-3.436512817719756,40
42,40.0,-0.7703055253977494,-0.3357023855301017,-0.5066432484737136,-0.33570238553010157,4.545629285229584,-23.29779630037266,39.880058175468335,-255.8539698253785,-73.18505370923658,39.880058175468335,-255.8539698253785,-3.4381718216215007,40
43,40.0,-0.7520035116129249,-0.35264270621044463,-0.48153070048840646,-0.35264270621044475,4.3600847381833905,-23.371025194097896,39.85022043031775,-255.76668795621052,-72.83926693908363,39.85022043031775,-255.76668795621052,-3.4381716666159803,40
44,40.0,-0.7336651443531096,-0.36920958711784474,-0.4565103649054912,-0.3692095871178447,4.176230834289078,-23.440895792595267,39.82067865242813,-255.66363966787608,-72.47652031561708,39.82067865242813,-255.66363966787608,-3.4365950866592727,40
45,40.0,-0.7152863068429597,-0.38540617232179675,-0.4315603289371306,-0.38540617232179664,3.993993898214839,-23.507546154899842,39.7913854700255,-255.54636549898328,-72.09846231344159,39.7913854700255,-255.54636549898328,-3.4335186488877003,40
46,40.0,-0.6968629764098376,-0.401235519929011,-0.4066594748716934,-0.40123551992901096,3.813301157239688,-23.57109949007431,39.762295329641525,-255.4161851866244,-71.70657806685237,39.762295329641525,-255.4161851866244,-3.4290132978541923,40
47,40.0,-0.6783912186367087,-0.4167006025788155,-0.38178742927357845,-0.4167006025788156,3.634080704210381,-23.631665144676905,39.73336437963788,-255.27421661212958,-71.30220597788073,39.73336437963788,-255.27421661212958,-3.4231448581309545,40
48,40.0,-0.6598671816524839,-0.4318043080343076,-0.3569245155339533,-0.4318043080343076,3.456261460423688,-23.68933951398757,39.70455036186041,-255.12139296664338,-70.88655272939438,39.70455036186041,-255.12139296664338,-3.415974498799069,40
49,40.0,-0.6412870905534203,-0.4465494398610668,-0.3320517095110579,-0.4465494398610668,3.279773138462302,-23.7442068837435,39.67581251078148,-254.95847831696258,-70.46070687000973,39.67581251078148,-254.95847831696258,-3.4075591630201822,40
50,40.0,-0.6226472419492631,-0.4609387181859455,-0.3071505980216193,-0.4609387181859456,3.1045462050087673,-23.796340208508827,39.64711145954538,-254.78608173295206,-70.02565111926678,39.64711145954538,-254.78608173295206,-3.3979519655915835,40
51,40.0,-0.6039439986279002,-0.47497478052910047,-0.28220333996562325,-0.4749747805291006,2.9305118436583517,-23.84580183223735,39.61840915238384,-254.60467012086065,-69.58227352530646,39.61840915238384,-254.60467012086065,-3.3872025611181766,40
52,40.0,-0.5851737843323841,-0.48866018270305517,-0.25719262988543,-0.4886601827030552,2.757601917748494,-23.8926441560761,39.58966876291529,-254.41457989173998,-69.1313775929294,39.58966876291529,-254.41457989173998,-3.3753574851909396,40
53,40.0,-0.566333078644273,-0.5019973997731548,-0.23210166377687458,-0.5019973997731549,2.5857489332194836,-23.936910258002104,39.5608546178825,-254.21602758081485,-68.67369148724063,39.5608546178825,-254.21602758081485,-3.3624604707423256,40
54,40.0,-0.5474184119673359,-0.5149888270743379,-0.2069141069853231,-0.5149888270743381,2.414886001518296,-23.97863446846762,39.531932125922104,-254.0091195216701,-68.20987640678526,39.531932125922104,-254.0091195216701,-3.3485527415468024,40
55,40.0,-0.5284263606057685,-0.5276367812796556,-0.18161406403324498,-0.5276367812796556,2.244946802554957,-24.017842905858064,39.50286771099273,-253.7938606685378,-67.74053421010494,39.50286771099273,-253.7938606685378,-3.3336732846535106,40
56,40.0,-0.509353541931175,-0.539943501516472,-0.1561860502383675,-0.539943501516472,2.075865547718645,-24.054553975227247,39.47362875011981,-253.57016265046803,-67.26621437074189,39.47362875011981,-253.57016265046803,-3.3178591033710028,40
57,40.0,-0.4901966096326625,-0.551911150526744,-0.13061496499255126,-0.551911150526744,1.9075769429584346,-24.088778833471714,39.44418351514259,-253.33785113275394,-66.78742032784024,39.44418351514259,-253.33785113275394,-3.301145452273988,40
58,40.0,-0.4709522490445162,-0.5635418158682167,-0.10488606658179445,-0.5635418158682167,1.7400161519318975,-24.120521823827588,39.41450111817436,-253.09667255341222,-66.30461529244822,39.41450111817436,-253.09667255341222,-3.283566055563491,40
59,40.0,-0.4516171725460235,-0.5748375111537994,-0.07898494843686266,-0.5748375111537994,1.5731187592229428,-24.149780882325338,39.384551460509314,-252.846300295809,-65.8182275633823,39.384551460509314,-252.846300295809,-3.2651533099872836,40
60,40.0,-0.4321881150281195,-0.585800177326784,-0.0528975167124357,-0.5858001773267839,1.4068207336287246,-24.176547918609444,39.35430518473048,-252.58634035247078,-65.32865540092125,39.35430518473048,-252.58634035247078,-3.2459384734125343,40
61,40.0,-0.41266182942164387,-0.5964316839699607,-0.026609969100141073,-0.5964316839699608,1.2410583915140916,-24.200809173326274,39.3237336297914,-252.3163365297521,-64.83627150163638,39.3237336297914,-252.3163365297521,-3.2259518400391167,40
62,40.0,-0.3930350822821003,-0.6067338306470431,-0.00010877478772364224,-0.6067338306470431,1.0757683602307502,-24.22254555409563,39.29280878886153,-252.03577523818205,-64.3414271132116,39.29280878886153,-252.03577523818205,-3.205222903146575,40
63,40.0,-0.3733046494259201,-0.6167083482751767,0.02661934451718434,-0.6167083482751767,0.9108875415972681,-24.24173295191254,39.26150326974038,-251.74408990898624,-63.84445582413845,39.26150326974038,-251.74408990898624,-3.183780506181029,40
64,40.0,-0.3534673116133427,-0.6263569005276497,0.05358743257460108,-0.6263569005276497,0.7463530754350041,-24.258342539671823,39.22979025765948,-251.4406650733914,-63.34567705962345,39.22979025765948,-251.4406650733914,-3.1616529829092723,40
65,40.0,-0.3335198502731303,-0.6356810852662436,0.0808083156818516,-0.6356810852662436,0.5821023031542459,-24.272341054368376,39.19764348030373,-251.12484013783987,-62.84539931186993,39.19764348030373,-251.12484013783987,-3.1388682872950406,40
66,40.0,-0.31345904326444396,-0.6446824360029925,0.10829461889143632,-0.6446824360029924,0.4180727313841063,-24.28369106439779,39.16503717489541,-250.79591288508524,-62.34392313004331,39.16503717489541,-250.79591288508524,-3.115454113686009,40
67,40.0,-0.2932816606713203,-0.6533624233914305,0.13605878143904404,-0.6533624233914306,0.25420199563910967,-24.292351223267264,39.131946057194014,-250.4531427283415,-61.841543892688875,39.131946057194014,-250.4531427283415,-3.0914380078401678,40
68,40.0,-0.2729844606252898,-0.6617224567477045,0.16411307143971432,-0.6617224567477044,0.09042782401494695,-24.29827651091962,39.09834529227519,-250.09575374309838,-61.338554383071525,39.09834529227519,-250.09575374309838,-3.0668474692644727,40
69,40.0,-0.2525641851517933,-0.6697638856022381,0.19246959990673645,-0.6697638856022382,-0.0733119990945914,-24.30141846377885,39.064210466959935,-249.72293749895357,-60.835247185868454,39.064210466959935,-249.72293749895357,-3.0417100452889345,40
70,40.0,-0.23201755603616123,-0.677488001282925,0.22114033414458076,-0.677488001282925,-0.23707966926761925,-24.301725394536124,39.02951756377346,-249.3338557117276,-60.33191692178416,39.02951756377346,-249.3338557117276,-3.0160534172523223,40
71,40.0,-0.21134127070502984,-0.6848960385311132,0.25013711056433635,-0.6848960385311132,-0.40093739831954733,-24.299142602616914,38.994242936320106,-248.9276427342933,-59.828862335015465,38.994242936320106,-248.9276427342933,-2.989905479134341,40
72,40.0,-0.19053199811918442,-0.6919891771519483,0.27947164696741766,-0.6919891771519484,-0.5649474505722198,-24.293612576196267,38.958363285966925,-248.5034079028663,-59.32638824699146,38.958363285966925,-248.5034079028663,-2.9632944089299875,40
73,40.0,-0.16958637467393087,-0.6987685437009183,0.3091555543408905,-0.6987685437009183,-0.7291721791352085,-24.285075186563258,38.9218556397347,-248.06023775399422,-58.82480738847743,38.9218556397347,-248.06023775399422,-2.9362487330269453,40
74,40.0,-0.14850100010321513,-0.7052352132087348,0.339200348205588,-0.705235213208735,-0.8936740622074923,-24.273467875575726,38.884697329300245,-247.597198126128,-58.324442120921894,38.884697329300245,-247.597198126128,-2.9087973838146426,40
75,40.0,-0.12727243338383235,-0.7113902109469854,0.36961745955609027,-0.7113902109469853,-1.0585157394074405,-24.258725836891074,38.84686597101887,-247.11333615841852,-57.82562605683353,38.84686597101887,-247.11333615841852,-2.880969750724123,40
76,40.0,-0.10589718863618408,-0.7172345142372681,0.4004182454298702,-0.7172345142372681,-1.223760048138758,-24.240782191609853,38.8083394468802,-246.60768219828867,-57.328705587998975,38.8083394468802,-246.60768219828867,-2.8527957248714335,40
77,40.0,-0.08437173101817998,-0.7227690543068404,0.4316139991411153,-0.7227690543068404,-1.3894700599994447,-24.219568158923273,38.76909588631449,-246.07925162831964,-56.8340413294597,38.76909588631449,-246.07925162831964,-2.8243057374525278,40
78,40.0,-0.06269247260899986,-0.7279947181940877,0.463215960213244,-0.7279947181940877,-1.5557091172403474,-24.19501322231552,38.72911364877069,-245.52704662209942,-56.342009486370586,38.72911364877069,-245.52704662209942,-2.7955307920157257,40
79,40.0,-0.040855768279581685,-0.7329123507074523,0.49523532404261306,-0.7329123507074524,-1.7225408692790665,-24.167045291834643,38.68837130699022,-244.95005783786843,-55.85300315013757,38.68837130699022,-244.95005783786843,-2.766502490717471,40
80,40.0,-0.01885791154684096,-0.7375227564417597,0.5276832513246259,-0.7375227564417597,-1.8900293092742184,-24.135590862913247,38.64684763090412,-244.347266058071,-55.367433529580225,38.64684763090412,-244.347266058071,-2.7372530546489218,40
81,40.0,0.0033048695912255687,-0.74182670185621,0.5605708772721797,-0.74182670185621,-2.0582388107640894,-24.100575172190638,38.604521572083755,-243.71764378227255,-54.88573112227376,38.604521572083755,-243.71764378227255,-2.7078153383043,40
82,40.0,0.02563641684222691,-0.7458249174186384,0.5939093206552002,-0.7458249174186384,-2.227234164372559,-24.061922350761794,38.56137224867801,-243.06015678031423,-54.408346830688366,38.56137224867801,-243.06015678031423,-2.678222838246879,40
83,40.0,0.048140645830372183,-0.749518099820979,0.6277096926889681,-0.749518099820979,-2.3970806145840133,-24.019555575255907,38.51737893077225,-242.37376561206258,-53.93575302726159,38.51737893077225,-242.37376561206258,-2.648509696015067,40
84,40.0,0.07082155033409863,-0.7529069142712327,0.6619831057978364,-0.7529069142712327,-2.5678438965875525,-23.973397217126635,38.47252102610678,-241.65742711964688,-53.468444572098754,38.47252102610678,-241.65742711964688,-2.6187106952988675,40
85,40.0,0.09368320655247218,-0.7559919968676049,0.6967406822800147,-0.7559919968676048,-2.7395902731892448,-23.923368990519645,38.426778066094414,-240.91009589767265,-53.00693978659724,38.426778066094414,-240.91009589767265,-2.588861253406044,40
86,40.0,0.11672977740228563,-0.7587739570608547,0.7319935628980878,-0.7587739570608547,-2.912386571789492,-23.869392099067984,38.380129692078896,-240.13072574654433,-52.551781385929836,38.380129692078896,-240.13072574654433,-2.558997407027747,40
87,40.0,0.13996551684756825,-0.7612533802112919,0.7677529154190575,-0.7612533802112917,-3.08630022142071,-23.811387381953654,38.33255564177798,-239.3182711137141,-52.10353737298947,38.33255564177798,-239.3182711137141,-2.5291557923045347,40
88,40.0,0.16339477426296842,-0.7634308302472781,0.8040299431267659,-0.7634308302472781,-3.261399289838399,-23.74927545956484,38.28403573585643,-238.47168852741655,-51.6628018960989,38.28403573585643,-238.47168852741655,-2.499373619186191,40
89,40.0,0.1870219988322219,-0.7653068524325138,0.8408358933286852,-0.7653068524325138,-3.437752520656469,-23.682976879070697,38.23454986457629,-237.5899380272219,-51.230196072515,38.23454986457629,-237.5899380272219,-2.4696886400720963,40
90,40.0,0.21085174398263865,-0.7668819762498312,0.878182065878159,-0.7668819762498312,-3.6154293705151606,-23.612412260230705,38.18407797447335,-236.67198459554953,-50.80636877950135,38.18407797447335,-236.67198459554953,-2.440139112712833,40
91,40.0,0.2348886718562397,-0.7681567184096947,0.9160798217322917,-0.7681567184096946,-3.794500046267216,-23.53750244175323,38.1326000550105,-235.71679959414536,-50.39199741451673,38.1326000550105,-235.71679959414536,-2.4107637573489096,40
92,40.0,0.25913755781784736,-0.769131585992089,0.9545405915647673,-0.7691315859920889,-3.975035542164968,-23.4581686285177,38.08009612516021,-234.72336220940554,-49.98778862584981,38.08009612516021,-234.72336220940554,-2.3816017080579774,40
93,40.0,0.28360329500008663,-0.7698070797309872,0.9935758844519432,-0.7698070797309872,-4.1571076770278355,-23.37433253997619,38.0265462198703,-233.69066091035447,-49.59447901483532,38.0265462198703,-233.69066091035447,-2.3526924582784057,40
94,40.0,0.3082908988848621,-0.7701836974511242,1.03319729664959,-0.7701836974511242,-4.340789131366128,-23.285916560054478,37.971930376368775,-232.61769492303392,-49.21283581060029,37.971930376368775,-232.61769492303392,-2.324075800473926,40
95,40.0,0.33320551192047043,-0.7702619376673592,1.0734165204766435,-0.7702619376673592,-4.526153484433375,-23.192843888878535,37.91622862026524,-231.5034757250479,-48.8436575181203,37.91622862026524,-231.5034757250479,-2.2957917599018445,40
96,40.0,0.3583524081730493,-0.770042303357495,1.1142453533212708,-0.7700423033574951,-4.713275251175155,-23.09503869666058,37.85942095140832,-230.3470285640216,-48.48777454020081,37.85942095140832,-230.3470285640216,-2.2678805224453105,40
97,40.0,0.3837369980105752,-0.7695253059200319,1.1556957067834126,-0.769525305920032,-4.902229919037961,-22.992426280088715,37.80148732946051,-229.14739400377158,-48.14604977384513,37.80148732946051,-229.14739400377158,-2.2403823564688286,40
98,40.0,0.4093648328170962,-0.7687114693289715,1.1977796159667893,-0.7687114693289716,-5.093093984596864,-22.88493322157652,37.7424076591538,-227.90362950206128,-47.81937918132449,37.7424076591538,-227.90362950206128,-2.2133375286553973,40
99,40.0,0.4352416097342912,-0.7676013344984598,1.2405092489320548,-0.7676013344984598,-5.28594498995529,-22.772487551743104,37.68216177519159,-226.61481102391048,-47.50869233612141,37.68216177519159,-226.61481102391048,-2.1867862137831975,40
100,40.0,0.4613731764268381,-0.7661954638707492,1.28389691632144,-0.7661954638707491,-5.48086155886479,-22.65501891551004,37.62072942676471,-225.2800346945565,-47.214952943781974,37.62072942676471,-225.2800346945565,-2.1607683983999086,40
101,40.0,0.48776553586737,-0.764494446241704,1.327955081163728,-0.764494446241704,-5.677923432506326,-22.532458742219973,37.55809026165195,-223.89841849631233,-46.9391593375724,37.55809026165195,-223.89841849631233,-2.1353237783530714,40
102,40.0,0.5144248511360693,-0.7624989018388237,1.3726963688668399,-0.7624989018388237,-5.8772115048681055,-22.40474042020141,37.49422380987782,-222.46910401374828,-46.682344948705534,37.49422380987782,-222.46910401374828,-2.110491650136044,40
103,40.0,0.5413574502291257,-0.7602094876675695,1.4181335774035717,-0.7602094876675694,-6.07880785764771,-22.271799476226516,37.4291094669035,-220.9912582318232,-46.44557875076245,37.4291094669035,-220.9912582318232,-2.0863107960101996,40
104,40.0,0.5685698308694227,-0.7576269031426066,1.464279687694189,-0.7576269031426066,-6.282795794598604,-22.13357376033222,37.362726476329485,-219.46407539181908,-46.229965677802014,37.362726476329485,-219.46407539181908,-2.062819362865978,40
105,40.0,0.596068665311843,-0.7547518960214525,1.511147874187567,-0.7547518960214525,-6.489259875232718,-21.990003636501047,37.2950539120924,-217.8867789101825,-46.036647015510574,37.2950539120924,-217.8867789101825,-2.0400547347874918,40
106,40.0,0.6238608051345671,-0.7515852686589233,1.5587515156404037,-0.7515852686589233,-6.69828594778183,-21.841032179725637,37.22607066014121,-216.25862336565322,-45.86680076460411,37.22607066014121,-216.25862336565322,-2.018053399288193,40
107,40.0,0.6519532860065884,-0.7481278846017201,1.6071042060916427,-0.7481278846017202,-6.909961181310658,-21.686605380010093,37.15575539958275,-214.5788965603501,-45.721641975544784,37.15575539958275,-214.5788965603501,-1.996850807188052,40
108,40.0,0.6803533324204641,-0.7443806755434803,1.6562197660267122,-0.7443806755434803,-7.1243740968642,-21.526672353892835,37.08408658329005,-212.84692166080958,-45.60242305348734,37.08408658329005,-212.84692166080958,-1.9764812261066451,40
109,40.0,0.7090683623779901,-0.7403446486616531,1.706112253723415,-0.7403446486616532,-7.341614597520621,-21.361185564108876,37.011042417971844,-211.06205942531003,-45.51043403221143,37.011042417971844,-211.06205942531003,-1.9569775875506925,40
110,40.0,0.7381059920150335,-0.7360208943586041,1.7567959767682457,-0.7360208943586042,-7.561773997208654,-21.190101048043278,36.936600843706444,-209.2237105241702,-45.44700281562975,36.936600843706444,-209.2237105241702,-1.9383713275794272,40
111,40.0,0.7674740401502194,-0.7314105944304776,1.8082855037287024,-0.7314105944304778,-7.78494504813567,-21.013378655665015,36.86073951294863,-207.33131796009943,-45.41349538529534,36.86073951294863,-207.33131796009943,-1.9206922210369424,40
112,40.0,0.7971805327404463,-0.7265150306884792,1.8605956759635531,-0.7265150306884793,-8.011221966658285,-20.830982297667525,36.78343576902392,-205.38436959606628,-45.411315972147065,36.78343576902392,-205.38436959606628,-1.903968209346867,40
113,40.0,0.8272337072243987,-0.7213355940584223,1.9137416195492132,-0.7213355940584225,-8.24070045741245,-20.642880204582134,36.70466662413088,-203.38240079857525,-45.44190719054862,36.70466662413088,-203.38240079857525,-1.8882252218720375,40
114,40.0,0.8576420167332092,-0.7158737941856105,1.9677387572961735,-0.7158737941856105,-8.473477735503536,-20.44904519767108,36.624408736879346,-201.32499720466762,-45.50675013247655,36.624408736879346,-201.32499720466762,-1.8734869908499405,40
115,40.0,0.8884141341453005,-0.7101312695733849,2.0226028208249343,-0.710131269573385,-8.70965254653969,-20.249454972449506,36.5426383893992,-199.21179762141963,-45.60736441951217,36.5426383893992,-199.21179762141963,-1.8597748599240707,40
116,40.0,0.9195589559600752,-0.7041097982849528,2.078349862665927,-0.7041097982849528,-8.949325184272714,-20.044092395728224,36.45933146406332,-197.0424970671569,-45.74530821007123,36.45933146406332,-197.0424970671569,-1.847107586301531,40
117,40.0,0.9510856059626369,-0.6978113092394544,2.13499626834266,-0.6978113092394546,-9.192597505590886,-19.832945817114563,36.37446341987609,-194.81684996409533,-45.922178159089896,36.37446341987609,-194.81684996409533,-1.835501136579259,40
118,40.0,0.9830034386489795,-0.6912378941345672,2.192558768391498,-0.6912378941345672,-9.439572942586352,-19.616009395952627,36.28800926858942,-192.53467349258293,-46.13960932714555,36.28800926858942,-192.53467349258293,-1.8249684762940885,40
119,40.0,1.0153220423781395,-0.6843918200293508,2.2510544502652654,-0.684391820029351,-9.690356511396585,-19.393283444731424,36.19994355061749,-190.1958511176225,-46.39927503575777,36.19994355061749,-190.1958511176225,-1.8155193532670126,40
120,40.0,1.048051242214646,-0.6772755426224278,2.310500770061127,-0.677275542622428,-9.94505481749469,-19.164774790034734,36.11024031083355,-187.80033629883968,-46.7028866653608,36.11024031083355,-187.80033629883968,-1.8071600748282792,40
121,40.0,1.0812011024211494,-0.6698917202620316,2.3709155640058373,-0.6698917202620316,-10.20377605707658,-18.930497152154018,36.018873074343475,-185.34815639556396,-47.0521933921885,36.018873074343475,-185.34815639556396,-1.7998932790286943,40
122,40.0,1.1147819285574248,-0.6622432287258894,2.432317059623616,-0.6622432287258894,-10.466630014164725,-18.690471544532056,35.92581482234432,-182.83941677918753,-47.44898186005034,35.92581482234432,-182.83941677918753,-1.793717699963089,40
123,40.0,1.1488042691379476,-0.654333176810347,2.4947238865033095,-0.6543331768103471,-10.733728053017593,-18.444726694251315,35.83103796819003,-180.2743051654558,-47.8950757827118,35.83103796819003,-180.2743051654558,-1.7886279273548755,40
124,40.0,1.1832789167959321,-0.6461649227695856,2.5581550865722678,-0.6461649227695856,-11.005183105401237,-18.193299484827158,35.73451433380201,-177.65309617983445,-48.39233547232642,35.73451433380201,-177.65309617983445,-1.784614160576209,40
125,40.0,1.2182169088971175,-0.6377420916472024,2.622630123774491,-0.6377420916472024,-11.281109652244908,-17.936235422610544,35.636215126578584,-174.97615616956782,-48.94265728909973,35.636215126578584,-174.97615616956782,-1.7816619573065653,40
126,40.0,1.2536295275415585,-0.6290685935438314,2.688168893039718,-0.6290685935438315,-11.56162369916492,-17.67358912814827,35.53611091697551,-172.24394827649962,-49.54797300709794,35.53611091697551,-172.24394827649962,-1.779751977063741,40
127,40.0,1.2895282988863572,-0.6201486428658302,2.7547917284186685,-0.6201486428658302,-11.8468427453016,-17.40542485389033,35.434171616948774,-169.45703778516457,-50.21024909085463,35.434171616948774,-169.45703778516457,-1.778859719875726,40
128,40.0,1.3259249917164835,-0.6109867786013813,2.8225194102470947,-0.6109867786013814,-12.13688574487152,-17.13181702967308,35.33036645947194,-166.61609776106386,-50.931485877177764,35.33036645947194,-166.61609776106386,-1.7789552603998025,40
129,40.0,1.3628316151846618,-0.6015878856715795,2.8913731711879045,-0.6015878856715795,-12.43187306079213,-16.85285083744275,35.22466397936263,-163.72191499441013,-51.71371665631734,35.22466397936263,-163.72191499441013,-1.780002977836558,40
130,40.0,1.4002604156346377,-0.5919572174052244,2.96137470098613,-0.5919572174052244,-12.731926409687585,-16.568622816716594,35.117031995677024,-160.77539626496096,-52.559006646431676,35.117031995677024,-160.77539626496096,-1.7819612820318655,40
131,40.0,1.4382238724150311,-0.5821004191870767,3.0325461497560022,-0.5821004191870767,-13.037168797533354,-16.279241502306842,35.00743759595705,-157.77757494384144,-53.4694518550898,35.00743759595705,-157.77757494384144,-1.7847823362091508,40
132,40.0,1.4767346925833593,-0.5720235533302056,3.1049101296027217,-0.5720235533302056,-13.347724445142747,-15.984828095855292,34.89584712264325,-154.72961794847663,-54.44717782137078,34.89584712264325,-154.72961794847663,-1.7884117768277448,40
133,40.0,1.5158058043916134,-0.5617331252238099,3.1784897143636046,-0.5617331252238099,-13.66371870264031,-15.68551717274396,34.782226161995894,-151.6328330669218,-55.4943382319836,34.782226161995894,-151.6328330669218,-1.792788431121096,40
134,40.0,1.5554503494360747,-0.5512361108083771,3.2533084372340975,-0.551236110808377,-13.985277952005752,-15.381457425955833,34.66653953589969,-148.4886766679425,-56.613113404728175,34.66653953589969,-148.4886766679425,-1.7978440329308685,40
135,40.0,1.5956816733446844,-0.5405399854303626,3.3293902860236626,-0.5405399854303626,-14.312529496706606,-15.072812448462676,34.54875129696128,-145.29876181320313,-57.805708632570806,34.54875129696128,-145.29876181320313,-1.8035029375201026,40
136,40.0,1.636513314865361,-0.5296527541285502,3.406759695764574,-0.5296527541285501,-14.645601437368988,-14.759761555708161,34.42882472734622,-142.06486678779376,-59.07435238161253,34.42882472734622,-142.06486678779376,-1.809681836120208,40
137,40.0,1.6779589932079817,-0.5185829834039372,3.485441538373165,-0.518582983403937,-14.984622532362229,-14.442500649736793,34.30672234184146,-138.78894406510727,-60.421294336302196,34.30672234184146,-138.78894406510727,-1.8162894710429234,40
138,40.0,1.7200325934815166,-0.5073398345242953,3.5654611090382335,-0.5073398345242953,-15.329722042096579,-14.121243126488434,34.182405895671145,-135.473129721714,-61.84880328540311,34.182405895671145,-135.473129721714,-1.8232263522694792,40
139,40.0,1.7627481500556836,-0.49593309841340666,3.6468441089844754,-0.4959330984134067,-15.68102955575083,-13.796220827734055,34.05583639763905,-132.11975331737153,-63.359164842458455,34.05583639763905,-132.11975331737153,-1.8303844765145953,40
140,40.0,1.8061198276637973,-0.4843732321733448,3.729616624230708,-0.48437323217334477,-16.038674799061415,-13.46768503906858,33.92697412921807,-128.7313482546338,-64.9546789948504,33.92697412921807,-128.7313482546338,-1.8376470498528872,40
141,40.0,1.8501619000499194,-0.4726713972859627,3.8138050999325372,-0.47267139728596264,-16.40278742171397,-13.135907535299568,33.795778670258514,-125.3106626316611,-66.63765747600794,33.795778670258514,-125.3106626316611,-1.8448882150890797,40
142,40.0,1.8948887259490335,-0.46083949953688746,3.899436309867215,-0.4608394995368875,-16.773496762783058,-12.801181674473806,33.66220893204022,-121.86067060076287,-68.4104209559091,33.66220893204022,-121.86067060076287,-1.851972785150856,40
143,40.0,1.940314722173916,-0.44889023070172523,3.986537320584997,-0.4488902307017252,-17.150931592567023,-12.463823541665228,33.52622319845056,-118.38458424390276,-70.27529604576961,33.52622319845056,-118.38458424390276,-1.858755983883795,40
144,40.0,1.9864543335662583,-0.43683711202974884,4.075135449715529,-0.43683711202974884,-17.535219829059898,-12.124173143504658,33.38777917613044,-114.88586597483615,-72.23461211370835,33.38777917613044,-114.88586597483615,-1.8650831957306664,40
145,40.0,2.033321999552881,-0.42469453955496467,4.165258217880668,-0.4246945395549646,-17.926488227194532,-11.78259565426153,33.24683405449352,-111.36824147570516,-74.29069790927612,33.24683405449352,-111.36824147570516,-1.870789725881912,40
146,40.0,2.0809321170301094,-0.4124778312580368,4.256933293625718,-0.4124778312580367,-18.324862038877292,-11.439482714088005,33.103344576589905,-107.83571317375882,-76.44587799602155,33.103344576589905,-107.83571317375882,-1.8757005725891265,40
147,40.0,2.1292989992809224,-0.40020327609490913,4.3501884307400704,-0.40020327609490913,-18.730464641717795,-11.095253779801217,32.95726712185549,-104.29257426135057,-78.70246899278742,32.95726712185549,-104.29257426135057,-1.879630213437665,40
148,40.0,2.178436830610043,-0.38788818489904997,4.445051397295302,-0.38788818489904997,-19.14341713423511,-10.750357528309852,32.80855780185983,-100.74342325948268,-81.06277562618908,32.80855780185983,-100.74342325948268,-1.8823824074767146,40
149,40.0,2.228359616362028,-0.3755509431538046,4.541549895684142,-0.3755509431538046,-19.563837895196688,-10.40527331247908,32.65717257024129,-97.19317912184759,-83.52908659875766,32.65717257024129,-97.19317912184759,-1.8837500152035769,40
150,40.0,2.279081127966411,-0.3632110656192833,4.639711472897579,-0.36321106561928324,-19.99184210461756,-10.060512668871898,32.50306734809559,-93.64709687254516,-86.10367027955157,32.50306734809559,-93.64709687254516,-1.8835148384915539,40
151,40.0,2.3306148426322375,-0.35088925278432437,4.739563420229471,-0.35088925278432437,-20.42754122381473,-9.71662087639961,32.34619816616435,-90.11078376637663,-88.78877022666862,32.34619816616435,-90.11078376637663,-1.8814474826355014,40
152,40.0,2.3829738772920392,-0.338607449098151,4.841132661549264,-0.33860744909815094,-20.871042431778434,-9.3741785644542,32.186521325252514,-86.59021595578147,-91.5866005540712,32.186521325252514,-86.59021595578147,-1.877307242763373,40
153,40.0,2.4361709163722542,-0.326388902918214,4.944445629233108,-0.326388902918214,-21.322448014984808,-9.033803368577402,32.023993576387284,-83.09175564306068,-94.49934115846209,32.023993576387284,-83.09175564306068,-1.8708420169228974,40
154,40.0,2.4902181329437907,-0.31425822809008436,5.049528126793103,-0.3142582280900844,-21.781854707638548,-8.696151631137193,31.858572322316064,-79.62216869043408,-97.5291328256708,31.858572322316064,-79.62216869043408,-1.8617882481969135,40
155,40.0,2.5451271027826046,-0.302241467051991,5.156405177193038,-0.30224146705199106,-22.249352979196964,-8.361920143830067,31.69021584202609,-76.18864265369866,-100.67807224013032,31.69021584202609,-76.18864265369866,-1.8498708982252456,40
156,40.0,2.600908710846316,-0.2903661553302976,5.265100855788028,-0.2903661553302975,-22.725026265892094,-8.031847928096626,31.5188835400533,-72.79880519768437,-103.94820692557148,31.5188835400533,-72.79880519768437,-1.8348034545113567,40
157,40.0,2.6575730496489722,-0.278661387262745,5.375638106774761,-0.2786613872627449,-23.208950142834976,-7.706718048726156,31.344536222431252,-69.46074284332181,-107.34153015004946,31.344536222431252,-69.46074284332181,-1.8162879738643254,40
158,40.0,2.7151293089925224,-0.26715788275324104,5.488038541989921,-0.26715788275324104,-23.701191433159128,-7.3873594550232555,31.16713640121174,-66.18301998685163,-110.859975833863,31.16713640121174,-66.18301998685163,-1.7940151642662234,40
159,40.0,2.7735856564905035,-0.2558880548251098,5.602322220846833,-0.2558880548251098,-24.201807250538863,-7.0746488429105066,30.986648629565824,-62.974698121460975,-114.50541350482602,30.986648629565824,-62.974698121460975,-1.7676645073567474,40
160,40.0,2.832949108297328,-0.24488607769872434,5.718507410155841,-0.24488607769872434,-24.710843971306545,-6.769512530239132,30.803039869545593,-59.8453551803703,-118.27964335172847,30.803039869545593,-59.8453551803703,-1.7369044235860849,40
161,40.0,2.893225389435794,-0.23418795507391196,5.836610322533154,-0.234187955073912,-25.228336132292505,-6.472928336364381,30.61627989465154,-56.8051049080167,-122.18439143364937,30.61627989465154,-56.8051049080167,-1.7013924818974842,40
162,40.0,2.954418783096267,-0.2238315882472114,5.956644832066875,-0.2238315882472114,-25.75430525042517,-6.185927455709653,30.426341729406094,-53.86461615244676,-126.22130511005821,30.426341729406094,-53.86461615244676,-1.6607756555576643,40
163,40.0,3.016531968264333,-0.21385684363853344,6.0786221658793105,-0.21385684363853347,-26.288758560062032,-5.9095963135824965,30.23320212817752,-51.03513195724813,-130.39194876434038,30.23320212817752,-51.03513195724813,-1.6146906254499083,40
164,40.0,3.0795658450197028,-0.2043056192407473,6.202550570202421,-0.20430561924074725,-26.83168766397532,-5.645078390910871,30.036842095529412,-48.32848831525661,-134.69779990144715,30.036842095529412,-48.32848831525661,-1.562764131775769,40
165,40.0,3.1435193468389517,-0.19522190943877707,6.328434949570713,-0.19522190943877704,-27.383067093897854,-5.393576002830468,29.837247450383337,-45.75713242879799,-139.14024570877862,29.837247450383337,-45.75713242879799,-1.5046133746711083,40
166,40.0,3.2083892392286333,-0.18665186757164995,6.456276477733956,-0.18665186757164998,-27.942852776545315,-5.156352014166882,29.634409436276652,-43.33414030229957,-143.72058017804466,29.634409436276652,-43.33414030229957,-1.4398464637252335,40
167,40.0,3.274169904014687,-0.17864386553124673,6.586072178903995,-0.17864386553124675,-28.510980401080506,-4.934731472813434,29.42832537996645,-41.073233472677025,-148.4400018946604,29.42832537996645,-41.073233472677025,-1.3680629157934114,40
168,40.0,3.3408531086196294,-0.17124854960492777,6.717814477976923,-0.17124854960492777,-29.08736368407637,-4.730103139798658,29.21899940057303,-38.9887946609007,-153.29961261006176,29.21899940057303,-38.9887946609007,-1.2888541998088208,40
169,40.0,3.4084277596718793,-0.16451889167557165,6.851490718417122,-0.16451889167557165,-29.67189252817537,-4.543920892464784,29.006443171366577,-37.095882104555415,-158.3004167210418,29.006443171366577,-37.095882104555415,-1.20180432652712,40
170,40.0,3.476879640313286,-0.1585102347915064,6.987082646556031,-0.1585102347915064,-30.264431070842154,-4.377704974631984,28.79067673617384,-35.410242305961205,-163.44332178863039,28.79067673617384,-35.410242305961205,-1.1064904802735116,40
171,40.0,3.5461911306023506,-0.15328033201034014,7.124565861148359,-0.15328033201034016,-30.864815619869198,-4.233043064904879,28.571729382213334,-33.94832090354625,-168.7291402369182,28.571729382213334,-33.94832090354625,-1.0024836888087698,40
172,40.0,3.616340910453943,-0.1488893773045862,7.263909227146359,-0.14888937730458618,-31.47285247263511,-4.111591131383679,28.349640570951202,-32.72727134562752,-174.15859237934657,28.349640570951202,-32.72727134562752,-0.889349526389589,40
173,40.0,3.687303644612537,-0.1454000271933432,7.4050742528009,-0.1454000271933432,-32.08831561653714,-4.01507403797737,28.124460928300316,-31.764961015613984,-179.73231092597496,28.124460928300316,-31.764961015613984,-0.7666488439753409,40
174,40.0,3.759049649227549,-0.14287741163323395,7.54801442938172,-0.14287741163323395,-32.71094430853853,-3.945285864284697,27.89625329515529,-31.07997442595279,-185.45084712979926,27.89625329515529,-31.07997442595279,-0.6339385193364395,40
175,40.0,3.831544539687801,-0.14138913256363078,7.692674533031347,-0.14138913256363075,-33.34044053239594,-3.9040898976200915,27.665093838859676,-30.691613064994012,-191.31467873285308,27.665093838859676,-30.691613064994012,-0.4907722185624246,40
176,40.0,3.904748859479944,-0.14100524835635903,7.838989888533131,-0.141005248356359,-33.976466332876456,-3.8934182522295013,27.43107322573107,-30.619891446491508,-197.32421987313876,27.43107322573107,-30.619891446491508,-0.3367011591680791,40
177,40.0,3.978617689964947,-0.1417982422692566,7.986885595087424,-0.1417982422692566,-34.618641027150005,-3.9152710670845683,27.194297854218348,-30.88552887588597,-203.47983311083857,27.194297854218348,-30.88552887588597,-0.17127486367726885,40
178,-0.004568561110471145,4.0531002411200845,-0.14384297284711695,8.136275714556444,-0.14384297284711695,-35.26653829456528,-3.9717152298886833,-13.04967741348543,-39.874242240352515,-275.09396550371605,-13.04967741348543,-39.874242240352515,0.00781306776543872,40
179,-0.14629526213118765,4.128139423473817,-0.1472166040537703,8.28706242306252,-0.14721660405377027,-35.919683147200764,-4.064882571104892,-13.43330035753462,-40.90940878631338,-282.1804768641219,-13.43330035753462,-40.90940878631338,0.2550611925948683,40
180,-0.29062020341960004,4.203671401670158,-0.15199851275706727,8.43913512731077,-0.15199851275706724,-36.57754878494056,-4.196967467969264,-13.821849498690241,-42.34922956007807,-289.42739201436774,-13.821849498690241,-42.34922956007807,0.5165053296604354,40
181,-0.4375485736961546,4.279625130340687,-0.1582701710260059,8.592369547561525,-0.1582701710260059,-37.239553340375615,-4.370223794628245,-14.215147207986728,-44.21707983287678,-296.8351950428791,-14.215147207986728,-44.21707983287678,0.7926296318482143,40
182,-0.5870823141988047,4.355921873238637,-0.16611500053872827,8.746626769803516,-0.16611500053872827,-37.90505652058688,-4.586961150801859,-14.612989866878047,-46.53691977573163,-304.4044051199735,-14.612989866878047,-46.53691977573163,1.0839165824188648,40
183,-0.7392198152178248,4.4324747069040304,-0.17561819624424263,8.90175227038155,-0.17561819624424263,-38.57335615484696,-4.849540297794983,-15.015146018744442,-49.33324861882957,-312.13560251224226,-15.015146018744442,-49.33324861882957,1.3908464627981745,40
184,-0.8939555943839373,4.509188010483739,-0.18686651627292492,9.057574917114994,-0.18686651627292492,-39.24368465949248,-5.160367727345699,-15.421354468300693,-52.631050125053264,-320.02945727283367,-15.421354468300693,-52.631050125053264,1.7138969234358168,40
185,-1.05127995609988,4.585956943729037,-0.19994803495502098,9.213905951810144,-0.19994803495502098,-39.91520543368907,-5.52188928581453,-15.831322336912976,-56.45572861491046,-328.0867605502413,-15.831322336912976,-56.45572861491046,2.053542673788866,40
186,-1.2111786315526236,4.662666915637717,-0.2149518556869789,9.37053796002213,-0.2149518556869789,-40.58700920254412,-5.936582773696827,-16.244723083460055,-60.83303475663956,-336.3084583940001,-16.244723083460055,-60.83303475663956,2.410255306537858,40
187,-1.3736323988048267,4.739193046700497,-0.23196778028785323,9.527243834961897,-0.23196778028785323,-41.258110327031915,-6.4069494385223535,-16.661194502148675,-65.78898031783207,-344.69568785968886,-16.661194502148675,-65.78898031783207,2.784503269486036,40
188,-1.5386166825420358,4.8153996282542995,-0.2510859314180431,9.683775743571577,-0.25108593141804314,-41.92744310349227,-6.935504278040849,-17.08033671061324,-71.34974106495649,-353.2498151268528,-17.08033671061324,-71.34974106495649,3.176751996094271,40
189,-1.7061011331484097,4.891139583038857,-0.27239632459709595,9.839864104004091,-0.27239632459709595,-42.59385807904903,-7.524765070357549,-17.501710143688697,-77.54154699642869,-361.9724752408982,-17.501710143688697,-77.54154699642869,3.5874642021215597,40
190,-1.8760491849015182,4.966253931698847,-0.29598838636368974,9.99521658503781,-0.29598838636368974,-43.25611841317459,-8.177240048570612,-17.92483357043812,-84.3905591052211,-370.8656129729412,-17.92483357043812,-84.3905591052211,4.0171003512274,40
191,-2.048417593217932,5.040571270670678,-0.3219504151775274,10.149517139326695,-0.3219504151775274,-43.912896319794214,-8.89541413968804,-18.349182154327448,-91.9227318905351,-379.93152415937027,-18.349182154327448,-91.9227318905351,4.466119286494541,40
192,-2.223155951049486,5.113907267640076,-0.3503689817788464,10.30242508382288,-0.35036898177884646,-44.56276962877356,-9.681733691399208,-18.77418557885455,-100.16366087705146,-389.17289673524033,-18.77418557885455,-100.16366087705146,4.9349790175018065,40
193,-2.4002061847274376,5.1860641815500905,-0.38132826590644764,10.453574242198147,-0.38132826590644764,-45.204218510342955,-10.538589615898891,-19.199226263432642,-109.13841445719083,-398.5928505125361,-19.199226263432642,-109.13841445719083,5.424137643673927,40
194,-2.5795020297822404,5.256830414975762,-0.41490932654019075,10.602572165618728,-0.41490932654019075,-45.835622410964554,-11.468298887680517,-19.623637696872688,-118.87134944928934,-408.19497457642825,-19.623637696872688,-118.87134944928934,5.934054384036978,40
195,-2.7609684875324487,5.325980107553798,-0.45118930318982287,10.748999449772334,-0.45118930318982287,-46.455257254299916,-12.473084342309821,-20.046702918366446,-129.3859098653263,-417.983360980868,-20.046702918366446,-129.3859098653263,6.465190671112524,40
196,-2.944521263541586,5.3932727800560345,-0.4902405462106696,10.89240916758408,-0.4902405462106696,-47.06129296624836,-13.555052735959514,-20.467653178400923,-140.70440850873933,-427.96263322112225,-20.467653178400923,-140.70440850873933,7.018011252432848,40
197,-3.130066189388997,5.458453039612364,-0.5321296746997138,11.03232643855814,-0.532129674699714,-47.651791388434994,-14.716171041216512,-20.885666814482096,-152.84779117867558,-438.13796774767155,-20.885666814482096,-152.84779117867558,7.59298522704097,40
198,-3.3174986295929267,5.521250357509163,-0.5769165612250591,11.16824815711009,-0.5769165612250591,-48.22470464996139,-15.958240973664436,-21.299868378851656,-165.8353834446307,-448.5151065668785,-21.299868378851656,-165.8353834446307,8.190586926408816,40
199,-3.5067028759645247,5.581378931896287,-0.6246532434791532,11.299642903570655,-0.6246532434791532,-48.777874072603566,-17.2828717662668,-21.709328057477848,-179.6846201774028,-459.100358753696,-21.709328057477848,-179.6846201774028,8.811296529604157,40
200,-3.6975515321614383,5.638537648609382,-0.6753827639322675,11.425951062698449,-0.6753827639322675,-49.309029689840955,-18.691451234879917,-22.11306142141067,-194.41075828098073,-469.90058848625193,-22.11306142141067,-194.41075828098073,9.45560028149883,40
201,-3.8899048917522223,5.692410154131934,-0.7291379397074954,11.54658517548676,-0.7291379397074953,-49.81579046500964,-20.18511520852486,-22.510029553031643,-210.02657336740094,-480.92318700879764,-22.510029553031643,-210.02657336740094,10.123990160701197,40
202,-4.083610313697555,5.7426650554551095,-0.7859400662096002,11.660930550729326,-0.7859400662096003,-50.29566529834133,-21.764715432488163,-22.899139590701672,-226.54204145399163,-492.1760257468201,-22.899139590701672,-226.54204145399163,10.816962821209497,40
203,-4.278501599802622,5.788956262213588,-0.8457975595233612,11.76834616316229,-0.8457975595233611,-50.74605491652268,-23.430786090988626,-23.27924573572389,-243.96400714046726,-503.6673876464154,-23.27924573572389,-243.96400714046726,11.535017609182468,40
204,-4.474398379394733,5.830923486946776,-0.9087045442549735,11.868165864957138,-0.9087045442549736,-51.164254741497814,-25.183509139018575,-23.64915076528338,-262.295840141582,-515.4058737009486,-23.64915076528338,-262.295840141582,12.278653434537212,40
205,-4.6711055072295595,5.868192919619769,-0.9746393953213338,11.959699936834468,-0.9746393953213337,-51.547458837344664,-27.022678679905653,-24.007608094000144,-281.5370825079019,-527.4002815747814,-24.007608094000144,-281.5370825079019,13.04836425733306,40
206,-4.868412481423623,5.900378092595564,-1.043563244190843,12.042237004030328,-1.043563244190843,-51.892765034960014,-28.94766467587286,-24.353324424827427,-301.6830893597515,-539.6594532509304,-24.353324424827427,-301.6830893597515,13.844632932295546,40
207,-5.0660928890435395,5.927080952035273,-1.1154184622338639,12.115046340705113,-1.1154184622338637,-52.197181333756056,-30.95737633294407,-24.684963027142835,-322.72466648270483,-552.1920887324136,-24.684963027142835,-322.72466648270483,14.667923142778873,40
208,-5.263903887845622,5.947893151170438,-1.1901271361334373,12.177380584072225,-1.1901271361334373,-52.45763367735506,-33.05022555832376,-25.00114767591939,-344.64770868061487,-565.0065230320567,-25.00114767591939,-344.64770868061487,15.518669149545325,40
209,-5.4615857335413,5.962397579993352,-1.2675895527115633,12.228478876476032,-1.2675895527115635,-52.67097519611263,-35.22409094701464,-25.300467280743348,-367.43284334527164,-578.1104640090289,-25.300467280743348,-367.43284334527164,16.397263081690827,40
210,-5.6588613628506526,5.970170144600393,-1.3476827130097906,12.267570449811616,-1.3476827130097908,-52.833997002945566,-37.476282813847234,-25.581481227098983,-391.0550842693414,-591.5106890683717,-25.581481227098983,-391.0550842693414,17.304039508724344,40
211,-5.85543604348029,5.970781807653891,-1.4302588979821276,12.293878662007337,-1.4302588979821276,-52.94344062013506,-39.803509845946024,-25.84272544472163,-415.4835012877276,-605.2126993469544,-25.84272544472163,-415.4835012877276,18.23925705612046,40
212,-6.05099710300308,5.963800899157286,-1.5151443106613354,12.306625489756627,-1.5151443106613351,-52.9960121032766,-42.20184800736639,-26.08271920891153,-440.6809118659776,-619.220330778095,-26.08271920891153,-440.6809118659776,19.203076863498918,40
213,-6.245213749400923,5.948795703929372,-1.6021378220838542,12.305036475275887,-1.6021378220838542,-52.98839791413826,-44.66671238035536,-26.29997267051777,-466.6036012443377,-633.5353223666141,-26.29997267051777,-466.6036012443377,20.19553773670214,40
214,-6.437736996730822,5.925337328786563,-1.69100985053204,12.288346117592834,-1.6910098505320397,-52.917282576683434,-47.192832674342064,-26.49299509889709,-493.2010781718842,-648.1568431208611,-26.49299509889709,-493.2010781718842,21.216527913966452,40
215,-6.628199709957785,5.893002848478381,-1.7815014056927796,12.255803690771046,-1.7815014056927798,-52.779368129773914,-49.77423317204524,-26.660303809624317,-520.4158736041134,-663.0809803768168,-26.660303809624317,-520.4158736041134,22.2657534532507,40
216,-6.816216783431206,5.8513787248647855,-1.8733233310479493,12.206679462619253,-1.8733233310479496,-52.571395366018294,-52.40421790951792,-26.800433735222725,-548.183389965214,-678.3001937030016,-26.800433735222725,-548.183389965214,23.342703353195688,40
217,-7.001385467727912,5.800064488684382,-1.9661557791061446,12.140271277917831,-1.9661557791061444,-52.29016681886314,-55.075361900948884,-26.9119475828906,-576.4318086679847,-693.8027401763198,-26.9119475828906,-576.4318086679847,24.446611644036317,40
218,-7.183285859605618,5.738676667568975,-2.059647954852051,12.055911460154787,-2.0596479548520517,-51.932571429427426,-57.7795092169662,-26.99344650836843,-605.08206351475,-709.5720785409923,-26.99344650836843,-605.08206351475,25.576416826091535,40
219,-7.361481569565214,5.666852937762799,-2.1534181629223603,11.9529739753707,-2.1534181629223603,-51.495610790941605,-60.50777870447411,-27.043581220018922,-634.0478873476416,-725.5862615675741,-27.043581220018922,-634.0478873476416,26.730719190204898,40
220,-7.535520580968633,5.58425647037857,-2.247054193407516,11.83088179117418,-2.247054193407516,-50.97642683227716,-63.25057809428997,-27.06106341222266,-663.2359388540903,-741.817327767598,-27.06106341222266,-663.2359388540903,27.907736723511753,40
221,-7.704936313762508,5.490580436067862,-2.340114079723503,11.689114353549563,-2.340114079723503,-50.3723307633733,-65.99762717793406,-27.044677412714258,-692.5460157448648,-758.2307054311798,-27.044677412714258,-692.5460157448648,29.1052604807116,40
222,-7.8692489045794805,5.385552624828081,-2.432127259601916,11.52721509401166,-2.4321272596019163,-49.68083306495507,-68.73799064519612,-26.993291914918082,-721.8713595937339,-774.7846436686905,-26.993291914918082,-721.8713595937339,30.320610479841335,40
223,-8.027966713298593,5.268940130467762,-2.5225961668285493,11.344798870270864,-2.5225961668285493,-48.8996742635022,-71.46012105848796,-26.905871654133783,-751.0990564524985,-791.4296866726147,-26.905871654133783,-751.0990564524985,31.550593355301352,40
224,-8.180588064018304,5.140554042188693,-2.6109982768582554,11.141559235178114,-2.6109982768582554,-48.02685619082494,-74.15191229815977,-26.781488876023943,-780.1105359331341,-808.1082086838364,-26.781488876023943,-780.1105359331341,32.79146316131046,40
225,-8.326603225814873,5.000254079024624,-2.696788623809595,10.917275421658367,-2.696788623809595,-47.06067338682438,-76.80076364545076,-26.619334437716464,-808.7821697894793,-824.7540280553307,-26.619334437716464,-808.7821697894793,34.03888685680708,40
226,-8.465496635621113,4.847953096730241,-2.7794027995903843,10.67181892594759,-2.7794027995903843,-45.99974426517123,-79.39365447811645,-26.418728376375658,-836.9859691538932,-841.2921192626045,-26.418728376375658,-836.9859691538932,35.287916108160715,40
227,-8.59674936207367,4.6836213913864135,-2.858260438054224,10.405159568048287,-2.858260438054224,-44.84304162595849,-81.91722934065946,-26.179129777698847,-864.5903775197854,-857.638441625448,-26.179129777698847,-864.5903775197854,36.53296710875193,40
228,-8.71984180526616,4.507290719731407,-2.9327691782095187,10.117370907210324,-2.9327691782095187,-43.5899220681607,-84.35789292028853,-25.900145777775435,-891.4611543503977,-873.6999028003216,-25.900145777775435,-891.4611543503977,37.76781012466061,40
229,-8.83425662305058,4.3190579532998665,-3.002329090711788,9.808634891692115,-3.0023290907117883,-42.24015382932262,-86.701914216174,-25.581539536341104,-917.4623418897012,-889.3744737130135,-25.581539536341104,-917.4623418897012,38.98557042440505,40
230,-8.939481869910233,4.1190882820972154,-3.066337541330606,9.479245626268604,-3.066337541330606,-40.79394256163857,-88.9355389393151,-25.223237027806753,-942.4573054150502,-904.5514694841784,-25.223237027806753,-942.4573054150502,40.17874213052065,40
231,-9.035014329561367,3.907617883985504,-3.1241944540049342,9.129612148073313,-3.1241944540049342,-39.25195454378453,-91.04510893039904,-24.82533250857074,-966.3098348735999,-919.11200803982,-24.82533250857074,-966.3098348735999,41.3392163366356,40
232,-9.120363017424246,3.6849559784023254,-3.175307924742425,8.760260111454212,-3.1753079247424254,-37.615336827717336,-93.01718714124377,-24.388092534935588,-988.8852936622394,-932.9296545100393,-24.388092534935588,-988.8852936622394,42.4583245634139,40
233,-9.195052824051723,3.451486187630594,-3.2191001262790944,8.371832295565689,-3.2191001262790944,-35.885733830209944,-94.83868650014088,-23.91195842523088,-1010.0517983239221,-945.871255253185,-23.91195842523088,-1010.0517983239221,43.52689828163322,40
234,-9.258628265643646,3.2076671356802477,-3.2550134324312605,7.965087864289521,-3.2550134324312605,-34.06529990096627,-96.49700078125441,-23.397547082143003,-1029.6814112218792,-957.7979604868484,-23.397547082143003,-1029.6814112218792,44.53534481604662,40
235,-9.310657303051729,2.9540322239645285,-3.282516680803777,7.540900326557219,-3.2825166808037776,-32.156707433306934,-97.98013543164909,-22.845650116308626,-1047.6513268936753,-968.5664291873612,-22.845650116308626,-1047.6513268936753,45.47373946905246,40
236,-9.350735186342323,2.6911885343081474,-3.301111483344974,7.100254165912498,-3.3011114833449735,-30.163150129852372,-99.27683618448526,-22.257231239368902,-1063.845031848351,-978.0302042964078,-22.257231239368902,-1063.845031848351,46.331933182309555,40
237,-9.378488278189645,2.4198148232861105,-3.31033848653698,6.6442401307896315,-3.3103384865369794,-28.088341094205276,-100.37671321042296,-21.633421923248722,-1078.153417109216,-986.0412405380985,-21.633421923248722,-1078.153417109216,47.09967450494453,40
238,-9.393577806272052,2.1406585872458717,-3.3097834771440833,6.174049200984727,-3.3097834771440837,-25.936505489778504,-101.27035853703579,-20.9755153516913,-1090.4758228647308,-992.4515615173173,-20.9755153516913,-1090.4758228647308,47.76674407997041,40
239,-9.395703492585742,1.8545321943148683,-3.2990832257430953,5.690965270586974,-3.2990832257430953,-23.712367587658523,-101.94945450203096,-20.284958719286415,-1100.7209951943958,-997.1150174691644,-20.284958719286415,-1100.7209951943958,48.32309931951515,40
240,-9.384607006303469,1.562308097856406,-3.277930959011676,5.196356612574074,-3.277930959011676,-21.42113211529864,-102.40687110232345,-19.56334396159712,-1108.8079359896394,-999.8891102920462,-19.56334396159712,-1108.8079359896394,48.75902643940506,40
241,-9.360075186602124,1.2649131647576064,-3.2460813531712405,4.691666214692571,-3.24608135317124,-19.06845991509865,-102.63675025730996,-18.81239702676986,-1114.666628873375,-1000.6368485464224,-18.81239702676986,-1114.666628873375,49.0652965895669,40
242,-9.32194298284484,0.9633221710974469,-3.203354945208516,4.178401099450311,-3.203354945208516,-16.660438024337147,-102.63457521851068,-18.033965823495215,-1118.2386260963865,-999.2285921385565,-18.033965823495215,-1118.2386260963865,49.23332247222488,40
243,-9.270096061681063,0.6585505365919456,-3.1496418655796754,3.658120762369833,-3.1496418655796754,-14.203544392964158,-102.39722362423998,-17.230007001740145,-1119.4774839933064,-995.5438446011347,-17.230007001740145,-1119.4774839933064,49.25531160573891,40
244,-9.20447303403635,0.3516463871675419,-3.084904805978489,3.1324248814534745,-3.084904805978489,-11.704607560697408,-101.92300301008774,-16.40257174076846,-1118.3490375360266,-989.4729503525247,-16.40257174076846,-1118.3490375360266,49.12441228465079,40
245,-9.125067259575538,0.043682051488076024,-3.00918114826436,2.6029404665125386,-3.00918114826436,-9.17076171677468,-101.21166793473377,-15.553790733178348,-1114.8315077329373,-980.9186551323869,-15.553790733178348,-1114.8315077329373,48.83484831711997,40
246,-9.031928191971556,-0.2642548882993172,-2.92258419553274,2.0713086291280685,-2.9225841955327394,-6.609397661679768,-100.26441825537668,-14.685858563730497,-1108.9154389816788,-969.7974899821861,-14.685858563730497,-1108.9154389816788,48.382038794097134,40
247,-8.925162235089207,-0.5710708594394316,-2.8253034632055325,1.5391711621496134,-2.8253034632055325,-4.028110277296231,-99.08387847608986,-13.801017687454216,-1100.6034668782459,-956.0409426121222,-13.801017687454216,-1100.6034668782459,47.7626994580809,40
248,-8.804933087852906,-0.8756757339896409,-2.717604006471069,1.0081571215392684,-2.717604006471069,-1.4346431875891204,-97.67405848330574,-12.90154221288243,-1089.909920301185,-939.5963846568025,-12.90154221288243,-1089.909920301185,46.97492268386411,40
249,-8.67146156392881,-1.1769922901184233,-2.59982477988869,0.47986960289420444,-2.59982477988869,1.163168646328932,-96.04029636289887,-11.989721693377483,-1076.8602647155637,-920.4277290009252,-11.989721693377483,-1076.8602647155637,46.0182336434069,40
250,-8.525024881207589,-1.4739655505752896,-2.4723760449170187,-0.04412709985888141,-2.4723760449170187,3.7574576069820185,-94.18918435095314,-11.067845122595907,-1061.4903964747557,-898.51579783569,-11.067845122595907,-1061.4903964747557,44.89362088009005,40
251,-8.365955425195002,-1.7655718512496408,-2.335735860923555,-0.562319775169684,-2.3357358609235543,6.340382558841602,-92.1284792942002,-10.138185319520145,-1043.8458003491912,-873.8583891319979,-10.138185319520145,-1043.8458003491912,43.60354023759687,40
252,-8.194638999563528,-2.050827498001707,-2.1904457142792384,-1.0732578485584063,-2.1904457142792384,8.904187615562316,-89.86699927670624,-9.202983874570585,-1023.9805845068427,-846.4700365102029,-9.202983874570585,-1023.9805845068427,42.1518918458289,40
253,-8.011512586045757,-2.328796878703808,-2.0371053578507263,-1.575564062453301,-2.0371053578507263,11.441259715875706,-87.41450829888825,-8.26443681157936,-1001.9564086559304,-816.3814647612395,-8.26443681157936,-1001.9564086559304,40.54397062927744,40
254,-7.817061644322978,-2.598599909401657,-1.876366949036992,-2.0679441519485877,-1.8763669490369916,13.94418421456228,-84.78159106765854,-7.324681101374492,-977.8413220014684,-783.6387502485536,-7.324681101374492,-977.8413220014684,38.78639154101331,40
255,-7.6118169903592765,-2.8594187083042226,-1.7089285879887615,-2.5491954093454128,-1.7089285879887615,16.405797739070817,-81.97952006902942,-6.385782141943346,-951.7085280500795,-748.3022018323088,-6.385782141943346,-951.7085280500795,36.886991408680586,40
256,-7.3963512985556426,-3.11050340845692,-1.5355273684196735,-3.018214054245023,-1.5355273684196735,18.819237622546908,-79.02011714571142,-5.449722298165541,-923.6350931269209,-710.4449835750474,-5.449722298165541,-923.6350931269209,34.854709881698135,40
257,-7.17127527898508,-3.3511770388901008,-1.3569320611926632,-3.4740013510032606,-1.3569320611926632,21.177987298323373,-75.91561179323469,-4.518390571479111,-893.7006147677339,-670.1515051213814,-4.518390571479111,-893.7006147677339,32.69945247010074,40
258,-6.9372335856886185,-3.580839424161136,-1.1739355554802484,-3.915668440839608,-1.1739355554802482,23.475917126988534,-72.67849832202364,-3.5935734470796428,-861.9858649551962,-627.5156091499938,-3.5935734470796428,-861.9858649551962,30.431939049427065,40
259,-6.694900515476578,-3.798970072896763,-0.9873471837081447,-4.342439881141354,-0.987347183708144,25.707320222318202,-69.32139391461307,-2.6769469438373656,-828.5714215314373,-582.63858758322,-2.6769469438373656,-828.5714215314373,28.063541463289216,40
260,-6.444975558842327,-4.005130046571077,-0.7979850547652946,-4.753655908876294,-0.7979850547652945,27.866942943785155,-65.85689944316458,-1.7700698704795306,-793.536299094891,-535.6270592680727,-1.7700698704795306,-793.536299094891,25.606113982478735,40
261,-6.188178865455035,-4.198962819731158,-0.6066685152747833,-5.148773467949854,-0.6066685152747837,29.95000982811543,-62.29746471005739,-0.8743782710964858,-756.956588340861,-486.5907416223557,-0.8743782710964858,-756.956588340861,23.07182037943611,40
262,-5.925246686290773,-4.380194161663492,-0.4142108513395172,-5.527366061310559,-0.4142108513395173,31.952242837521503,-58.65525954174873,0.008818975991339517,-718.9041101938103,-435.64014732549145,0.008818975991339517,-718.9041101938103,20.472961257913106,40
263,-5.656926852862267,-4.548631086609987,-0.2214123334511951,-5.889122507217065,-0.22141233345119504,33.86987490505394,-54.94205191172005,0.8783434592824184,-679.4450882644978,-382.8842346172483,0.8783434592824184,-679.4450882644978,17.821805052553348,40
264,-5.383974351325054,-4.7041599347032665,-0.029053695590638588,-6.23384469501743,-0.029053695590638418,35.69965785541511,-51.16909400054016,1.73314950375264,-638.6388402007808,-328.4280362702552,1.73314950375264,-638.6388402007808,15.13042579845734,40
265,-5.107147045604634,-4.8467436585054315,0.16210987360048826,-6.561444448855059,0.16210987360048823,37.438864870354635,-47.3470168278726,2.5723254912232356,-596.5364854330827,-272.3702879651494,2.5723254912232356,-596.5364854330827,12.410550385629294,40
266,-4.827201599261893,-4.976418400205771,0.35135416386264884,-6.871939617799569,0.35135416386264917,39.08528774952936,-43.48573381999744,3.3950943248666414,-553.1796636804194,-214.80107177284376,3.3950943248666414,-553.1796636804194,9.673417577987092,40
267,-4.54488964075749,-5.093289452066799,0.5379907515801703,-7.165449518003658,0.5379907515801703,40.637229289026315,-39.594353413635275,4.200813140531417,-508.5992554060862,-155.79948489127494,4.200813140531417,-508.5992554060862,6.929650612124367,40
268,-4.26095421126758,-5.197526697599596,0.7213711490842514,-7.442189856689113,0.7213711490842514,42.09349115955831,-35.681100548127844,4.988972374775931,-462.8140922079518,-95.43133784367072,4.988972374775931,-462.8140922079518,4.189144717404559,40
269,-3.976126528415077,-5.289359633283495,0.9008902753245404,-7.702467269229583,0.9008902753245405,43.45335771406459,-31.753246667898573,5.759194304748588,-415.82964190037507,-33.746880159905764,5.759194304748588,-415.82964190037507,1.4609704349735138,40
270,-3.6911230933818255,-5.369072070577865,1.0759892420578105,-7.946673599544342,1.0759892420578105,44.71657618987497,-27.81704764916153,6.511231178438871,-367.6366497871618,29.221454745117686,6.511231178438871,-367.6366497871618,-1.2467068243445885,40
271,-3.40664316301599,-5.436996615723754,1.246157462527107,-8.175280050715486,1.2461574625271072,45.88333379391176,-23.877688881660827,7.244963055469965,-318.20971432310495,93.46130010775721,7.244963055469965,-318.20971432310495,-3.9266909402236103,40
272,-3.1233666028844653,-5.493509020665937,1.410934101182566,-8.38883132748385,1.410934101182566,46.9542321711284,-19.939236579695297,7.960395478626472,-267.505771997068,158.9826226338614,7.960395478626472,-267.505771997068,-6.572803262406223,40
273,-2.841952131867731,-5.539022492637899,1.5699088931388763,-8.58793988537227,1.569908893138876,47.93025975731087,-16.00459426800852,8.657657094814725,-215.4624628208708,225.8200325807108,8.657657094814725,-215.4624628208708,-9.179915393549186,40
274,-2.5630359639531166,-5.573982042858636,1.7227223706519137,-8.773280392921436,1.7227223706519135,48.81276250852146,-12.075463288259353,9.33699734120493,-161.9963442594875,294.0351699946412,9.33699734120493,-161.9963442594875,-11.743967372943226,40
275,-2.287230848430587,-5.598858946709215,1.869065540866962,-8.945584504169732,1.869065540866962,49.60341348202857,-8.152306101581981,9.998784307917152,-107.00091778310419,363.7192056415167,9.998784307917152,-107.00091778310419,-14.261972198562702,40
276,-2.015125505784761,-5.614145379001257,2.008679064438469,-9.105636028283275,2.0086790644384696,50.304181718841534,-4.234311123400865,10.643502882721167,-50.344428474962484,434.99550047536883,10.643502882721167,-50.344428474962484,-16.732007687315402,40
277,-1.7472844532363663,-5.620349278811771,2.141351988389473,-9.254266572294398,2.1413519883894736,50.91730084729033,-0.3193578201759386,11.271753275638442,8.13260566128574,508.02247236131825,11.271753275638442,8.13260566128574,-19.15319665563979,40
278,-1.484248211117094,-5.6179894891092825,2.266920088853661,-9.392351721299875,2.2669200888536616,51.44523779181473,3.5960191726411197,11.884250011735883,68.62018178642687,582.9967230526345,11.884250011735883,68.62018178642687,-21.525676302333704,40
279,-1.2265338790388909,-5.6075912072719944,2.385263880242583,-9.520807808154682,2.385263880242582,51.89066193255776,7.516668081309362,12.481821468258225,131.3419683021947,660.1564818886379,12.481821468258225,131.3419683021947,-23.850557489886217,40
280,-0.9746360690917766,-5.589681773803745,2.4963063470472013,-9.640589311486144,2.496306347047201,52.256415020725356,11.44886122314572,13.06541001677684,196.55888251926007,739.785424981315,13.06541001677684,196.55888251926007,-26.12987434576723,40
281,-0.7290281819910116,-5.564786818254326,2.600010453076579,-9.752686906393546,2.600010453076579,52.54548211311016,15.4003403042937,13.636072811135067,264.5731455800124,822.2169292753885,13.636072811135067,264.5731455800124,-28.36652423559841,40
282,-0.4901640110851291,-5.53342677367769,2.6963764806241652,-9.85812617593092,2.6963764806241652,52.760963747682084,19.380366399243027,14.194983236122326,335.73287078765173,907.8388190426313,14.194983236122326,335.73287078765173,-30.5641976881733,40
283,-0.25847965828172836,-5.496113764009297,2.7854392490043187,-9.9579669725873,2.7854392490043183,52.906049541593006,23.399774870913433,14.743432997969789,410.43723948076433,997.0986570244191,14.743432997969789,410.43723948076433,-32.72729726761722,40
284,-0.034395745061265304,-5.453348862574404,2.867265258284146,-10.053303396372488,2.8672652582841462,52.98399335405366,27.4710350082617,15.282834793236027,489.1423127650262,1090.5096220467224,15.282834793236027,489.1423127650262,-34.86084367761334,40
285,40.0,-5.405619714583954,2.941949800006542,-10.145264328312846,2.941949800006542,52.99809011990188,31.60831351060369,55.633045334531005,628.051316716653,1319.9360181573245,55.633045334531005,628.051316716653,-41.05349019601074,40
286,40.0,-5.353398511939758,3.0096140724050824,-10.235014423252077,3.009614072405083,52.951654425739804,35.82754008418184,55.95141873663862,717.899809718274,1424.3745903761326,55.95141873663862,717.899809718274,-43.057092339001926,40
287,40.0,-5.297140304939453,3.070402333181186,-10.323755421415251,3.0704023331811854,52.84800086959212,40.14647227344018,56.27453600464711,813.5869635118074,1535.0421881508432,56.27453600464711,813.5869635118074,-45.048317377762274,40
288,40.0,-5.237281632509259,3.124479118464085,-10.412727581219022,3.1244791184640857,52.690426217326504,44.58475514763719,56.60471201453089,915.8714982450891,1652.7887941789218,56.60471201453089,915.8714982450891,-47.03332693333869,40
289,40.0,-5.174239450350831,3.1720265522017863,-10.503210962637255,3.1720265522017863,52.48219334467838,49.163969505895324,56.94439639596165,1025.608048931149,1778.5677721513598,56.94439639596165,1025.608048931149,-49.01809484500774,40
290,40.0,-5.108410334808014,3.213241766018097,-10.596526196736257,3.2132417660180965,52.226516932638916,53.90765973554414,57.29617688918621,1143.7563422198077,1913.4441824164494,57.29617688918621,1143.7563422198077,-51.00814060865235,40
291,40.0,-5.040169939274549,3.248334445580408,-10.694034257847942,3.248334445580408,51.92655086612689,58.84132922787661,57.66277975392566,1271.390243691979,2058.6025676613544,57.66277975392566,1271.390243691979,-53.008204539758836,40
292,40.0,-4.969872679505075,3.277524515804241,-10.79713460495065,3.2775245158042416,51.58537727113868,63.99238717978831,58.04706568926749,1409.7061083162812,2215.3535079100934,58.04706568926749,1409.7061083162812,-55.02185149730329,40
293,40.0,-4.897851624188581,3.301039973807936,-10.90726087295769,3.301039973807936,51.20599711377869,69.39002554829916,58.45201925885478,1560.029605854153,2385.137949123274,58.45201925885478,1560.029605854153,-57.05098828668337,40
294,40.0,-4.824418567525346,3.3191148754457482,-11.025873068529936,3.3191148754457482,50.79132227549478,75.06499876208142,58.88072924977922,1723.8198482110156,2569.5279263856255,58.88072924977922,1723.8198482110156,-59.09527860375568,40
295,40.0,-4.749864261249019,3.3319874785004546,-11.154444956944797,3.3319874785004546,50.34416901224544,81.04927147934278,59.33635672211376,1902.669199986639,2770.2218157265456,59.33635672211376,1902.669199986639,-61.151439061010265,40
296,40.0,-4.674458784491011,3.3398985432083883,-11.294445019525659,3.3398985432083883,49.86725270095144,87.37549129349132,59.82208673673033,2098.2965920533366,2989.031646747291,59.82208673673033,2098.2965920533366,-63.212401156919356,40
297,40.0,-4.598452031037053,3.343089788713734,-11.447309026645552,3.343089788713733,49.36318377417724,94.07623413152696,60.34105891074718,2312.5314734659783,3227.8592901252086,60.34105891074718,2312.5314734659783,-65.26632801857605,40
298,40.0,-4.522074294822742,3.341802502291955,-11.614401934429704,3.3418025022919555,48.83446474329173,101.18296083451632,60.896271105393325,2547.2847375677284,3488.6575178935327,60.896271105393325,2547.2847375677284,-67.2954827405251,40
299,40.0,-4.445536935909447,3.33627629672654,-11.796966519570237,3.33627629672654,48.28348821112316,108.72461527647533,61.49044981428859,2804.5020803736907,3773.371071940017,61.49044981428859,2804.5020803736907,-69.2749589351714,40
300,40.0,-4.369033110633369,3.326748010047604,-11.996055990885392,3.3267480100476043,47.71253577711493,116.72578937578925,62.12588037807342,3086.094376520137,4083.8520725705707,62.12588037807342,3086.094376520137,-71.17130584061343,40
301,40.0,-4.292738551093796,3.3134507409217577,-12.212447871941325,3.3134507409217577,47.12377774098549,125.20438153741085,62.80419028788448,3393.8389446150413,4421.743537912433,62.80419028788448,3393.8389446150413,-72.94111231561683,40
302,40.0,-4.2168123806126525,3.2966130122951824,-12.446536897039874,3.2966130122951824,46.519273514694376,134.16868676926418,63.526079957496904,3729.2452736696046,4788.324756724952,63.526079957496904,3729.2452736696046,-74.52965834653986,40
303,40.0,-4.141397953231939,3.2764580554107594,-12.698205714564432,3.2764580554107594,45.90097265693181,143.61388464858024,64.2909979705936,4093.3792763623437,5184.313183099087,64.2909979705936,4093.3792763623437,-75.86980028201891,40
304,40.0,-4.0666237066999,3.253203206020383,-12.966674100091677,3.253203206020383,45.270716449218135,153.51794231424978,65.09676257816938,4486.641945309566,5609.619960139543,65.09676257816938,4486.641945309566,-76.8813254855538,40
305,40.0,-3.9926040197156443,3.2270594044707956,-13.250330409844462,3.2270594044707956,44.6302399378757,163.83703085907655,65.93913878912299,4908.502058304176,6063.060791891506,65.93913878912299,4908.502058304176,-77.47108775534507,40
306,40.0,-3.9194400654447636,3.1982307913324903,-13.54655335894866,3.1982307913324903,43.981174371493296,174.50067050673735,66.81139127957107,5357.188984895364,6542.0313214719245,66.81139127957107,5357.188984895364,-77.53430441938514,40
307,40.0,-3.8472206544780145,3.166914390344727,-13.85153792323079,3.166914390344727,43.32504996893692,185.40697380806031,67.70384763001655,5829.361209509963,7042.166860110293,67.70384763001655,5829.361209509963,-76.95743844181789,40
308,40.0,-3.7760230614760886,3.1332998706454283,-14.160145937631476,3.1332998706454283,42.6632989583741,196.41853880125797,68.60352333342173,6319.778939825513,7557.020073709384,68.60352333342173,6319.778939825513,-75.62307356654446,40
309,40.0,-3.705913830724874,3.0975693805247815,-14.465808970782259,3.0975693805247815,41.997258833105334,207.35973346403912,69.49387753165088,6821.024203248501,8077.805820311085,69.49387753165088,6821.024203248501,-73.4170796841334,40
310,40.0,-3.6369495567161514,3.059897445269161,-14.760516776877166,3.0598974452691605,41.32817577516706,218.01626806920117,70.35478274010384,7323.326793761944,8593.276925209568,70.35478274010384,7323.326793761944,-70.23812220217832,40
311,40.0,-3.5691776366710672,3.0204509220333415,-15.034926836389234,3.0204509220333415,40.65720820264548,228.13801329802192,71.16279734496516,7814.565189925562,9089.803644876662,71.16279734496516,7814.565189925562,-66.00917212749377,40
312,40.0,-3.5026369926398813,2.9793890050810106,-15.278626530074927,2.979389005081011,39.98543040137759,237.44591726480104,71.89181973843553,8280.51243112808,9551.726826706332,71.89181973843553,8280.51243112808,-60.69013917880119,40
313,40.0,-3.437358761445948,2.9368632751553987,-15.480566927003359,2.9368632751553982,39.313836206193095,245.64353857994016,72.51417154690569,8705.381793682056,9962.034184955459,72.51417154690569,8705.381793682056,-54.29015423989409,40
314,40.0,-3.37336695129889,2.893017787174306,-15.629664941086723,2.893017787174306,38.64334270104946,252.43311615441206,73.00210184037881,9072.691671002203,10303.367035469237,73.00210184037881,9072.691671002203,-46.8775149948078,40
315,40.0,-3.310679064386452,2.847989190878616,-15.715540274914604,2.847989190878616,37.97479391132099,257.53528100861377,73.3296283713909,9366.41393081918,10559.3032855405,73.3296283713909,9366.41393081918,-38.58507683126976,40
316,40.0,-3.2493066851722556,2.801906879494541,-15.729320150799897,2.801906879494541,37.308964465120475,260.71061583561715,73.47454834368968,9572.303294882726,10715.791620084663,73.47454834368968,9572.303294882726,-29.609113516658454,40
317,40.0,-3.1892560344827796,2.7548931618917103,-15.664416528249165,2.7548931618917103,36.64656320385781,261.78050508962656,73.42038045855391,9679.242937596962,10762.549759291684,73.42038045855391,9679.242937596962,-20.200491406359447,40
318,40.0,-3.1305284897668515,2.707063454127658,-15.517166751207045,2.7070634541276575,35.988236725278014,260.64434578068267,73.15796559643728,9680.40394369532,10694.208081695462,73.15796559643728,9680.40394369532,-10.648323394668694,40
319,40.0,-3.0731210721604416,2.658526486661248,-15.287236660249153,2.658526486661248,35.33457284498461,257.29040389493105,72.68647372073409,9574.021159416601,10510.996040783115,72.68647372073409,9574.021159416601,-1.2578118352920455,40
320,-0.18058063473462088,-3.017026901193562,2.6093845238904616,-14.977716822019246,2.609384523890461,34.6861039649498,251.79844908392099,31.833062998165083,9225.623808034738,10024.207956260982,31.833062998165083,9225.623808034738,7.528504393274062,40
321,-0.38385934400846433,-2.962235618139403,2.5597335930221154,-14.594891890504924,2.5597335930221154,34.043310339754264,244.33362587415158,30.771346269602923,8919.6203027716,9634.981314799035,30.771346269602923,8919.6203027716,15.572277595016573,40
322,-0.5782926253981073,-2.9087337791337053,2.509663719611652,-14.147718176407295,2.509663719611652,33.40662323330418,235.13249924647198,29.555282013179458,8531.226717903746,9163.5401635014,29.555282013179458,8531.226717903746,22.686639028814227,40
323,-0.7616857857820105,-2.856505219288563,2.459259167419169,-13.647091028107132,2.4592591674191686,32.77642796055129,224.4834630705653,28.21433238976641,8076.0050763926065,8627.759064116972,28.21433238976641,8076.0050763926065,28.725850471012762,40
324,-0.932248020677868,-2.8055313890937374,2.4085986805135935,-13.105010362862053,2.4085986805135935,32.1530668103128,212.70441858286338,26.78032138610854,7571.032842691925,8046.663869937542,26.78032138610854,7571.032842691925,33.612825808102116,40
325,-1.0886166215543667,-2.7557916644439864,2.3577557258204154,-12.533755127029472,2.357755725820416,31.53684184666703,200.12069565517007,25.28534620002014,7033.551484777565,7438.989958116053,25.28534620002014,7033.551484777565,37.33574303836912,40
326,-1.229853870045142,-2.7072636316557714,2.3067987345500116,-11.945158601727922,2.3067987345500116,30.92801758759978,187.04568252026442,23.75996809729427,6479.81634135226,6822.000932235867,23.75996809729427,6479.81634135226,39.93879444064194,40
327,-1.3554212916762354,-2.659923348844733,2.2557913411644313,-11.350044560381013,2.2557913411644313,30.3268235606168,173.76577200669735,22.231828081355776,5924.248040070274,6210.660118918551,22.231828081355776,5924.248040070274,41.50939519607442,40
328,-1.4651374189268385,-2.61374558502859,2.2047926187408957,-10.757849142838317,2.2047926187408957,29.733456735926605,160.53028823504755,20.724743385117495,5378.917292073521,5617.172725306642,20.724743385117495,5378.917292073521,42.16418171848596,40
329,-1.5591255294392332,-2.5687040383017523,2.1538573097718356,-10.176422995442024,2.1538573097718356,29.14808383855737,147.54624380814747,19.258264690222674,4853.338839801306,5050.858629032031,19.258264690222674,4853.338839801306,42.0357076587204,40
330,-1.6377572387963917,-2.5247715343995423,2.1030360516044317,-9.611987275787557,2.1030360516044317,28.570843541406585,134.97721567512602,17.847622188753327,4354.51480436333,4518.2817122002825,17.847622188753327,4354.51480436333,41.261110062895014,40
331,-1.7015966912936746,-2.4819202069338155,2.0523755958691123,-9.069206486935137,2.052375595869112,28.001848541752608,122.94534344100215,16.5039631535633,3887.1531194124227,4023.550487318331,16.5039631535633,3887.1531194124227,39.97337033708098,40
332,-1.7513487442110143,-2.4401216605394347,2.0019190213768696,-8.551339191457425,2.00191902137687,27.441187524188322,111.53540377228515,15.234780245461565,3453.9886131630556,3568.710622184519,15.234780245461565,3453.9886131630556,38.295265063408365,40
333,-1.7878132386236023,-2.3993471181240906,1.9517059400812362,-8.060431677040622,1.9517059400812362,26.888927013285183,100.80002370602188,14.044441141354591,3056.1462146046442,3154.1655052963124,14.044441141354591,3056.1462146046442,36.33574458880486,40
334,-1.811846349209668,-2.359567553363535,1.9017726958030672,-7.5975267524383785,1.901772695803067,26.345113119567042,90.76528740890934,12.934748935831912,2693.5018021291007,2779.079799237586,12.934748935831912,2693.5018021291007,34.18828877711361,40
335,-1.8243291728040236,-2.3207538095314684,1.8521525555061824,-7.162867781218349,1.8521525555061826,25.80977318257738,81.4362043886362,11.905483423085204,2365.012122035218,2441.7386306827243,11.905483423085204,2365.012122035218,31.930733427787544,40
336,-1.8261431514093696,-2.282876705699258,1.8028758929905335,-6.756085347703095,1.8028758929905335,25.28291731497151,72.80170305543089,10.954892147589703,2068.998574257723,2139.8493736859905,10.954892147589703,2068.998574257723,29.626092017306952,40
337,-1.8181515929656533,-2.2459071312857257,1.7539703649377134,-6.376359862405504,1.7539703649377132,24.764539851660352,64.83897226656225,10.0801152267338,1803.3795935535202,1870.7832169981239,10.0801152267338,1803.3795935535202,27.32397448077562,40
338,-1.801186399724244,-2.209816129882588,1.7054610793025673,-6.022557754482653,1.7054610793025675,24.254620708086463,57.51708981048977,9.277538952693732,1565.8529254966506,1631.760173721305,9.277538952693732,1565.8529254966506,25.062297239595818,40
339,-1.776039086170659,-2.1745749732267936,1.6573707560949538,-5.693341788799165,1.6573707560949535,23.75312665172732,50.79995407029804,8.543080434019025,1354.0328847466035,1419.984659062926,8.543080434019025,1354.0328847466035,22.869067501598302,40
340,-1.74345521997384,-2.1401552261378405,1.6097198806385058,-5.38725775729689,1.6097198806385062,23.26001249090489,44.648580721462956,7.872409766220271,1165.5494195246254,1232.7400960661273,7.872409766220271,1165.5494195246254,20.764100261105558,40
341,-1.7041315146773515,-2.1065288031862273,1.5625268494291906,-5.102800636051059,1.5625268494291906,22.77522218493727,39.02284857026773,7.261118229715086,998.1161778971426,1067.4509812594163,7.261118229715086,998.1161778971426,18.76058512395763,40
342,-1.6587149164157857,-2.0736680178089486,1.5158081087462376,-4.838463550151587,1.5158081087462376,22.298689879602207,33.88278505883767,6.7048415269070745,849.5743319038318,921.7200504781803,6.7048415269070745,849.5743319038318,16.866462626844466,40
343,-1.6078031423084618,-2.0415456245395505,1.4695782861925726,-4.5927727730445085,1.4695782861925726,21.830340871799265,29.189478596676885,6.199346666131619,717.9180658528611,793.3470483686062,6.199346666131619,717.9180658528611,15.085598526246736,40
344,-1.5519462356185647,-2.010134854973738,1.4238503153613327,-4.364311670544297,1.4238503153613324,21.3700925071969,24.905696169818896,5.74059020178945,601.3066403911367,680.3343897337666,5.74059020178945,601.3066403911367,13.418762605932152,40
345,-1.491648797362279,-1.97940944804727,1.37863555384064,-4.151736095254689,1.37863555384064,20.91785501454144,20.996273655147025,5.324754434289356,498.06696348861936,580.8838589822213,5.324754434289356,498.06696348861936,11.864428778226275,40
346,-1.427372634086471,-1.9493436751606263,1.3339438947803224,-3.9537833160292095,1.3339438947803224,20.47353228018351,17.428334840599224,4.948267040697425,406.6897174265083,493.3874991240964,4.948267040697425,406.6897174265083,10.419418070771044,40
347,-1.359539627216314,-1.9199123606449926,1.2897838722529023,-3.7692761705891145,1.2897838722529023,20.03702256625187,14.17138442139867,4.607808550095485,325.8213423769312,416.4150182402701,4.607808550095485,325.8213423769312,9.079407395644235,40
348,-1.2885346819721109,-1.8910908980262562,1.2461627606466383,-3.5971237781307304,1.2461627606466383,19.608219175771556,11.197310754839851,4.300311146907454,254.25356784516288,348.6993849817913,4.300311146907454,254.25356784516288,7.839326182061823,40
349,-1.2147086551056745,-1.8628552625081445,1.2030866683317425,-3.4363198501982484,1.2030866683317425,19.187011067889202,8.480326106221975,4.022951497875287,190.91170282629238,289.1217770832379,4.022951497875287,190.91170282629238,6.693660984228481,40
350,-1.1383811924641374,-1.8351820200621372,1.1605606258419494,-3.285939391970944,1.1605606258419494,18.773283426231878,5.996865492490218,3.7731396513513764,134.84252651432604,236.69666431972436,3.7731396513513764,134.84252651432604,5.636685691275102,40
351,-1.0598434314118232,-1.8080483334803477,1.1185886688128799,-3.1451343879552436,1.1185886688128797,18.36691818328777,3.7254599036240137,3.5485055382116597,85.20234433538182,190.55752565926738,3.5485055382116597,85.20234433538182,4.662632366275219,40
352,-0.979360540996303,-1.781431965718333,1.0771739159166365,-3.013128909577598,1.0771739159166365,17.967794503563017,1.646595481879143,3.346884194654693,41.24557038786175,149.94349762080034,3.346884194654693,41.24557038786175,3.7658152587042615,40
353,-0.8971740857700544,-1.755311280827223,1.0363186420284216,-2.889213960588342,1.0363186420284216,17.57578922813223,-0.2574330184670537,3.166300510211799,2.314050726629966,114.18710836569865,3.166300510211799,2.314050726629966,2.9407182904572666,40
354,-0.8135042084769439,-1.7296652427491361,0.9960243468566062,-2.7727422830973714,0.996024346856606,17.190777283069487,-2.0026686574397363,3.0049540623180397,-32.17276131348304,82.7031546123936,3.0049540623180397,-32.17276131348304,2.1820543596668127,40
355,-0.7285516332778913,-1.7044734122260397,0.9562918192622772,-2.663123276755456,0.9562918192622771,16.81263205411682,-3.603634664183427,2.8612044166038775,-62.72673739114573,54.978714055093164,2.8612044166038775,-62.72673739114573,1.484803145915466,40
356,-0.6424994955284846,-1.6797159420501806,0.9171211974882719,-2.5598181312100756,0.917121197488272,16.441225729821532,-5.073470156704446,2.733557136806379,-89.79912070644109,30.564245338239818,2.733557136806379,-89.79912070644109,0.8442327178119005,40
357,-0.5555150068866149,-1.6553735708637614,0.8785120255110868,-2.46233523348174,0.8785120255110868,16.07642961525155,-6.42405768376412,2.620650649262964,-113.787723371576,9.065703803573621,2.620650649262964,-113.787723371576,0.25590911013330514,40
358,-0.4677509661469159,-1.6314276156966325,0.8404633057220953,-2.370225884077625,0.8404633057220952,15.718114418280258,-7.66614178137547,2.521244035793208,-135.0433288473847,-9.862410995482007,2.521244035793208,-135.0433288473847,-0.2843028806914239,40
359,-0.3793471269948634,-1.6078599634133195,0.8029735481372102,-2.2830803359057312,0.8029735481372104,15.366150510319027,-8.809438255515007,2.43420577862549,-153.87536291681042,-26.523164411511658,2.43420577862549,-153.87536291681042,-0.7802451705173913,40
360,-0.2904314340936842,-1.58465306122449,0.7660408163265314,-2.200524156352423,0.7660408163265313,15.020408163265312,-9.862734260177065,2.358503446583291,-170.55690014705615,-41.18254014227391,2.358503446583291,-170.55690014705615,-1.235476204268217,40
0,40.0,-3.2906620249909864,0.6421736259021178,-6.753193570480463,0.6421736259021178,29.149315883402735,17.96522516512434,50.95979228121738,206.57462612385683,357.5052087159183,50.95979228121738,206.57462612385683,3.7453870299393537,115
1,40.0,-3.2239532289375865,0.6144841669493084,-6.610166702886933,0.6144841669493085,28.53249862417495,17.1747035432381,50.72230094512968,198.0948228440474,347.44715412758364,50.72230094512968,198.0948228440474,3.9135611125947807,115
2,40.0,-3.1585167358768995,0.5865832360586068,-6.4696332513322155,0.586583236058607,27.926438285017188,16.378392019700712,50.488753003752116,189.55433602654043,337.58566867935923,50.488753003752116,189.55433602654043,4.065853098082328,115
3,40.0,-3.0943339451653937,0.5585193641866192,-6.331586195916985,0.5585193641866193,27.331103457135814,15.577778978616408,50.25916438849475,180.9695343764415,327.92652782491524,50.25916438849475,180.9695343764415,4.2029879588887695,115
4,40.0,-3.0313849418979615,0.5303379674652053,-6.196014072940408,0.5303379674652055,26.74644487290529,14.774256742062816,50.03354228693469,172.35572868759306,318.4746521030739,50.03354228693469,172.35572868759306,4.325691928180886,115
5,40.0,-2.9696486906419084,0.5020814998226603,-6.062901363438267,0.5020814998226604,26.172397135637407,13.969125496966653,49.81188576544024,163.72721199963505,309.2341561933187,49.81188576544024,163.72721199963505,4.434689161115745,115
6,40.0,-2.9091032121882385,0.47378960172069234,-5.932228857156496,0.4737896017206924,25.608880327545123,13.163597224079494,49.594186360952406,155.0973002993348,300.2083974323527,49.594186360952406,155.0973002993348,4.530698726148934,115
7,40.0,-2.8497257444910082,0.44549924465770074,-5.803973993295531,0.44549924465770074,25.055801502504067,12.358799610098524,49.38042864315501,146.47837351591446,291.4000235377727,49.38042864315501,146.47837351591446,4.614431911975273,115
8,40.0,-2.791492888910155,0.4172448711666639,-5.678111179297914,0.4172448711666638,24.51305607005111,11.555779926116971,49.17059074820651,137.88191658350488,282.8110193206564,49.17059074820651,137.88191658350488,4.6865898346953205,115
9,40.0,-2.734380742817016,0.3890585301043349,-5.554612088890233,0.3890585301043348,23.980529076870468,10.755508857580896,48.964644885154954,129.31856036621386,274.4427522019469,48.964644885154954,129.31856036621386,4.7478613290575336,115
10,40.0,-2.678365019565524,0.36097000708813093,-5.433445940531195,0.3609700070881309,23.45809639181023,9.95888427277617,48.76255781611004,120.79812226254784,266.29601637803813,48.76255781611004,120.79812226254784,4.798921107146215,115
11,40.0,-2.6234211567762142,0.33300694998907393,-5.314579757360374,0.33300694998907393,22.945625800249843,9.16673491858328,48.564291311203746,112.32964632610768,258.37107550893705,48.564291311203746,112.32964632610768,4.840428167637188,115
12,40.0,-2.56952441382527,0.3051949894340144,-5.197978609687304,0.3051949894340145,22.442978013406588,8.379824033820157,48.36980257933278,103.92144275854321,250.66770382792282,48.36980257933278,103.92144275854321,4.873024438696445,115
13,40.0,-2.516649959377147,0.277557854308981,-5.083605841008066,0.27755785430898106,21.95000759792983,7.598852871954428,48.1790446756413,95.58112664872046,243.18522559478123,48.1790446756413,95.58112664872046,4.897333637723275,115
14,40.0,-2.4647729497473154,0.25011748228839475,-4.9714232784865935,0.2501174822883948,21.46656383088985,6.824464126309206,47.991966886671314,87.3156558489107,235.9225528356141,47.991966886671314,87.3156558489107,4.913960331412818,115
15,40.0,-2.413868598831281,0.2228941254427787,-4.861391428790113,0.22289412544277867,20.992491485024043,6.057245252119276,47.80851509407898,79.13136789457991,228.87822133097112,47.80851509407898,79.13136789457991,4.923489180009742,115
16,40.0,-2.3639122402877866,0.1959064510009271,-4.753469660122965,0.19590645100092716,20.527631548861553,5.297731680920436,47.628632117789394,71.03401588902622,222.0504248307746,47.628632117789394,71.03401588902622,4.926484350122538,115
17,40.0,-2.3148793826178036,0.1691716373618997,-4.647616371259936,0.1691716373618997,20.071821886108175,4.546409923781838,47.452258039437794,63.02880328773105,215.43704748930452,47.452258039437794,63.02880328773105,4.923489081047716,115
18,40.0,-2.266745757736777,0.14270546546802254,-4.543789148339346,0.14270546546802254,19.624897838438585,3.80372056082256,47.279330506922165,55.1204175298473,209.03569452650842,47.279330506922165,55.1204175298473,4.915025390196385,115
19,40.0,-2.219487363595715,0.1165224056628179,-4.441944910137392,0.11652240566281791,19.186692775614407,3.0700611152961583,47.10978502087119,47.31306247579579,202.84372113322627,47.10978502087119,47.31306247579579,4.901593903907139,115
20,40.0,-2.1730805013669054,0.09063570016779239,-4.342040042508248,0.09063570016779238,18.757038596623985,2.3457888112856806,46.94355520381019,39.610489620505064,196.8582596476829,46.94355520381019,39.610489620505064,4.883673800654322,115
21,40.0,-2.1275018076725702,0.06505744131961534,-4.2440305226396315,0.06505744131961538,18.33576618532524,1.6312232147304413,46.78057305278845,32.01602806143491,191.07624503893925,46.78057305278845,32.01602806143491,4.861722854407647,115
22,40.0,-2.082728282299236,0.03979864571477158,-4.147872033739915,0.03979864571477165,17.922705823865236,0.9266487581115351,46.62076917621116,24.5326132092262,185.4944387399972,46.62076917621116,24.5326132092262,4.836177566656575,115
23,40.0,-2.038737311807434,0.014869324412507188,-4.053520070741564,0.014869324412507157,17.51768756695209,0.23231714965907135,46.464073015600526,17.162814236648327,180.10945087907243,46.464073015600526,17.162814236648327,4.807453376372196,115
24,40.0,-1.995506689414958,-0.009721450650917746,-3.960930037575233,-0.009721450650917729,17.120541579863733,-0.4515503315841377,46.31041305299116,9.908860268517218,174.91776096225672,46.31041305299116,9.908860268517218,4.775944937932103,115
25,40.0,-1.953014631502702,-0.03396548388279901,-3.870057336540368,-0.03396548388279902,16.73109844289692,-1.1247606530959728,46.159717004646055,2.7726653214789083,169.91573706452195,46.159717004646055,2.7726653214789083,4.742026457773674,115
26,40.0,-1.9112397910646202,-0.057855396735772655,-3.7808574502706325,-0.05785539673577267,16.349189424786168,-1.7871469565022873,46.011912001760265,-4.244147991957842,165.09965358884867,46.011912001760265,-4.244147991957842,4.706052081262645,115
27,40.0,-1.8701612683978646,-0.0813845717384282,-3.6932860167665145,-0.08138457173842822,15.974646727458477,-2.4385665930894618,45.86692475880013,-11.140225975958156,160.46570765530774,45.86692475880013,-11.140225975958156,4.66835632196234,115
28,40.0,-1.8297586193052338,-0.10454709970440018,-3.607298897942475,-0.10454709970440018,15.607303704333066,-3.0788992645354165,45.72468173010677,-17.91446255712869,156.01003418325317,45.72468173010677,-17.91446255712869,4.62925452616102,115
29,40.0,-1.7900118610598952,-0.12733772997226353,-3.5228522421122648,-0.12733772997226356,15.246995054228032,-3.708045265976415,45.58510925537285,-24.56597915661377,151.72871973049618,45.58510925537285,-24.56597915661377,4.589043366157656,115
30,40.0,-1.7509014763617092,-0.1497518235317994,-3.4399025408132946,-0.14975182353179933,14.893556992796059,-4.325923828351017,45.44813369458216,-31.09410569860638,147.6178151534938,45.44813369458216,-31.09410569860638,4.54800135641806,115
31,40.0,-1.7124084154953136,-0.17178530889586072,-3.358406680349278,-0.17178530889586074,14.54682740327978,-4.93247155682179,45.313681552981635,-37.498362722850516,143.67334715227489,45.313681552981635,-37.498362722850516,4.506389387292415,115
32,40.0,-1.6745140968823506,-0.19343464058108825,-3.278321988409546,-0.1934346405810883,14.206645968253051,-5.527640961967149,45.18167959663563,-43.778444566667396,139.8913287631029,45.18167959663563,-43.778444566667396,4.464451271530831,115
33,40.0,-1.6372004062037633,-0.21469676006500324,-3.1996062761036823,-0.2146967600650032,13.872854283897848,-6.111399080356374,45.05205495909243,-49.93420358041247,136.26776886080825,45.05205495909243,-49.93420358041247,4.422414299345486,115
34,40.0,-1.6004496942528645,-0.2355690590914797,-3.1222178757311063,-0.23556905909147968,13.545295958256698,-6.683726181067588,44.92473523967261,-55.96563533902393,132.79868073135538,44.92473523967261,-55.96563533902393,4.38048979824597,115
35,40.0,-1.5642447736657765,-0.2560493452012126,-3.0461156745871003,-0.2560493452012126,13.22381669479744,-7.24461455467855,44.79964859386936,-61.87286481142456,129.4800897736027,44.79964859386936,-61.87286481142456,4.338873694319335,115
36,40.0,-1.5285689146628654,-0.2761358093684854,-2.9712591450895025,-0.27613580936848536,12.908264362530687,-7.794067381250597,44.6767238163306,-67.65613344894169,126.30804038740408,44.6767238163306,-67.65613344894169,4.297747072038405,115
37,40.0,-1.4934058399227892,-0.29582699563028486,-2.8976083714936713,-0.29582699563028486,12.598489053829896,-8.332097673835017,44.555890416873154,-73.31578715359286,123.27860210323308,44.555890416873154,-73.31578715359286,4.257276730062215,115
38,40.0,-1.4587397186997209,-0.3151217725985324,-2.82512407344756,-0.31512177259853247,12.294343131019142,-8.858727294055473,44.4370786899594,-78.85226508700148,120.38787500641871,44.4370786899594,-78.85226508700148,4.217615730842072,115
39,40.0,-1.4245551602841173,-0.3340193067509223,-2.7537676266235565,-0.3340193067509223,11.995681262714633,-9.373986036359033,44.32021977804747,-84.26608928084741,117.6319945068977,44.32021977804747,-84.26608928084741,4.178903942166708,115
40,40.0,-1.390837206898068,-0.35251903740048673,-2.6835010806494504,-0.35251903740048673,11.702360450832169,-9.87791077757816,44.2052457292071,-89.5578550100701,115.0071355031446,44.2052457292071,-89.5578550100701,4.141268569072026,115
41,40.0,-1.3575713261076172,-0.3706206532485954,-2.6142871745470315,-0.37062065324859544,11.414240049103592,-10.370544688506957,44.09208954937387,-94.72822189052769,112.50951598665276,44.09208954937387,-94.72822189052769,4.10482467480584,115
42,40.0,-1.3247434028265561,-0.3883240704305641,-2.546089349873763,-0.38832407043056405,11.131181773880941,-10.851936504263955,43.980685249596604,-99.77790566343145,110.13540013103798,43.980685249596604,-99.77790566343145,4.069675689777853,115
43,40.0,-1.2923397309789224,-0.4056294119674007,-2.478871761750506,-0.40562941196740065,10.85304970794711,-11.322139850289632,43.8709678886142,-104.7076706296069,107.88110090753544,43.8709678886142,-104.7076706296069,4.035913907640839,115
44,40.0,-1.2603470048807865,-0.42253698854147664,-2.4125992879463496,-0.4225369885414766,10.579710297995849,-11.781212620909141,43.76287361108046,-109.51832269746747,105.7429822663765,43.76287361108046,-109.51832269746747,4.003620967842443,115
45,40.0,-1.2287523103957971,-0.43904728051800274,-2.3472375361803346,-0.4390472805180028,10.311032346391974,-12.229216407477068,43.6563396817384,-114.21070300949468,103.71746092127795,43.6563396817384,-114.21070300949468,3.9728683241593394,115
46,40.0,-1.1975431159133978,-0.45516092113817286,-2.282752849789121,-0.45516092113817286,10.046886997774378,-12.666215973211338,43.55130451582869,-118.7856821129965,101.80100777206644,43.55130451582869,-118.7856821129965,3.943717698878501,115
47,40.0,-1.1667072631934738,-0.4708786808136617,-2.2191123118994227,-0.4708786808136617,9.787147721019233,-13.092278771916048,43.4477077060003,-123.24415464193862,99.99014899829764,43.4477077060003,-123.24415464193862,3.9162215224249137,115
48,40.0,-1.1362329581165629,-0.486201452455852,-2.156283748234425,-0.48620145245585195,9.531690287039257,-13.50747450788763,43.34549004597625,-127.58703447770984,98.28146685463082,43.34549004597625,-127.58703447770984,3.890423358353181,115
49,40.0,-1.1061087613744771,-0.5011302377766995,-2.0942357286742075,-0.5011302377766995,9.280392742856034,-13.911874734394354,43.24459355121146,-131.81525035776815,96.67160019668263,43.24459355121146,-131.81525035776815,3.8663583137229325,115
50,40.0,-1.0763235791322756,-0.5156661345015477,-2.032937567681536,-0.5156661345015476,9.033135382346215,-14.3055524882154,43.144961476765744,-135.92974190222822,95.15724476411408,43.144961476765744,-135.92974190222822,3.8440534349662148,115
51,40.0,-1.0468666536890088,-0.5298103244374316,-1.9723593236962174,-0.5298103244374317,8.789800714029347,-14.68858195782149,43.04653833260033,-139.93145602956037,93.73515324581271,43.04653833260033,-139.93145602956037,3.8235280894303645,115
52,40.0,-1.0177275541613922,-0.5435640623435288,-1.9124717975934602,-0.5435640623435289,8.550273426233806,-15.06103818287446,42.94926989649314,-143.82134373369112,92.40213515021206,42.94926989649314,-143.82134373369112,3.8047943328432745,115
53,40.0,-0.9888961672116432,-0.5569286655533732,-1.8532465302944212,-0.5569286655533732,8.314440349948871,-15.422996782817865,42.853103224755095,-147.60035719591073,91.15505650204736,42.853103224755095,-147.60035719591073,3.78785726300054,115
54,40.0,-0.9603626878380129,-0.5699055043012561,-1.7946557996102328,-0.569905504301256,8.082190419644185,-15.774533712423102,42.75798666091716,-151.2694472060878,89.99083938518115,42.75798666091716,-151.2694472060878,3.7727153600168046,115
55,40.0,-0.9321176102441392,-0.5824959927079415,-1.7366726163943669,-0.5824959927079414,7.85341463231346,-16.115725042247465,42.66386984254646,-154.82956086878488,88.90646134954531,42.66386984254646,-154.82956086878488,3.7593608135175645,115
56,40.0,-0.9041517188011143,-0.5947015803833703,-1.6792707200721395,-0.5947015803833703,7.6280060049763705,-16.446646762049888,42.57070370633834,-158.2816395709339,87.89895469873434,42.57070370633834,-158.2816395709339,3.7477798371737596,115
57,40.0,-0.8764560791141639,-0.6065237446064495,-1.6224245736104632,-0.6065237446064496,7.405859530851566,-16.76737460529735,42.47844049162066,-161.62661718877496,86.96540567334891,42.47844049162066,-161.62661718877496,3.73795297100032,115
58,40.0,-0.8490220292040224,-0.6179639830443399,-1.566109357985661,-0.6179639830443399,7.186872134394324,-17.077983892980637,42.38703374239691,-164.86541851278844,86.10295354382878,42.38703374239691,-164.86541851278844,3.729855371852466,115
59,40.0,-0.821841170811438,-0.629023806975828,-1.5103009662021625,-0.6290238069758279,6.970942625374297,-17.378549395040704,42.29643830804481,-167.99895787034157,85.30878962522415,42.29643830804481,-167.99895787034157,3.7234570925604364,115
60,40.0,-0.7949053608317614,-0.6397047349854459,-1.4549759969103073,-0.6397047349854459,6.757971652152257,-17.669145207787402,42.206610342778596,-171.02813792673902,84.58015622513801,42.206610342778596,-171.02813792673902,3.718723350145394,115
61,40.0,-0.7682067028852211,-0.6500082870969663,-1.4001117476671152,-0.6500082870969663,6.547861654299348,-17.949844645770874,42.11750730397439,-173.9538486463089,83.91434553492113,42.11750730397439,-173.9538486463089,3.715614783556847,115
62,40.0,-0.7417375390272921,-0.6599359793167515,-1.3456862078799494,-0.6599359793167515,6.340516814688307,-18.22072014664087,42.02908794945075,-176.77696639606015,83.30869847311885,42.02908794945075,-176.77696639606015,3.7140877013659215,115
63,40.0,-0.7154904416024527,-0.6694893185591891,-1.2916780514691881,-0.6694893185591893,6.135843011172863,-18.481843187602763,41.94131233378855,-179.49835317532853,82.76060348914723,41.94131233378855,-179.49835317532853,3.714094319839394,115
64,40.0,-0.6894582052436635,-0.6786697979281197,-1.2380666292826814,-0.6786697979281197,5.933747767959739,-18.73328421214943,41.85414180376811,-182.1188559556752,82.26749533421919,41.85414180376811,-182.1188559556752,3.715582991807503,115
65,40.0,-0.663633839019005,-0.6874788923297179,-1.184831961291517,-0.6874788923297179,5.7341402067663285,-18.975112565816538,41.76753899299459,-184.6393061161241,81.82685380563761,41.76753899299459,-184.6393061161241,3.7184984267239978,115
66,40.0,-0.6380105587261283,-0.6959180543937756,-1.1319547285937515,-0.6959180543937755,5.536930997847124,-19.20739643977393,41.681467815777346,-187.06051895960465,81.43620246973063,41.681467815777346,-187.06051895960465,3.7227819023008686,115
67,40.0,-0.6125817793344613,-0.7039887106817344,-1.0794162652500523,-0.7039887106817345,5.34203231096239,-19.430202821129775,41.595893460323104,-189.3832932972324,81.09310736791011,41.595893460323104,-189.3832932972324,3.728371468082274,115
68,40.0,-0.5873411075744738,-0.7116922581611358,-1.0271985499727596,-0.7116922581611359,5.149357766354004,-19.643597448884297,41.51078238129785,-191.6084110877819,80.79517570959456,41.51078238129785,-191.6084110877819,3.735202141303389,115
69,40.0,-0.5622823346727457,-0.7190300609274011,-0.9752841976876121,-0.719030060927401,4.958822385785403,-19.847644774529247,41.426102291808085,-193.73663712041235,80.54005455504478,41.426102291808085,-193.73663712041235,3.7432060953600828,115
70,40.0,-0.537399429231077,-0.7260034471550292,-0.9236564509853926,-0.7260034471550292,4.770342543695234,-20.042407926344985,41.34182215484754,-195.76871872937218,80.32542949051343,41.34182215484754,-195.76871872937218,3.752312841195046,115
71,40.0,-0.5126865302474238,-0.7326137062614118,-0.8722991714788447,-0.7326137062614116,4.583835918507614,-20.227948676501647,41.25791217425174,-197.70538553005576,80.14902329750466,41.25791217425174,-197.70538553005576,3.762449401885263,115
72,40.0,-0.48813794027604657,-0.7388620862674999,-0.82119683107859,-0.7388620862675,4.399221444135614,-20.404327410122647,41.174343785199596,-199.54734916640257,80.00859461737852,41.174343785199596,-199.54734916640257,3.77354048069511,115
73,40.0,-0.4637481187239117,-0.7447497913405586,-0.7703345032002659,-0.7447497913405587,4.216419261709099,-20.571603095518924,41.09108964429762,-201.29530306021704,79.90193661200964,41.09108964429762,-201.29530306021704,3.7855086228387176,115
74,40.0,-0.4395116752800609,-0.7502779795051526,-0.7196978539137602,-0.7502779795051527,4.035350671552607,-20.72983325485009,41.00812361928029,-202.94992215355504,79.82687562072061,41.00812361928029,-202.94992215355504,3.7982743711749687,115
75,40.0,-0.4154233634744026,-0.7554477605094018,-0.6692731330442452,-0.7554477605094019,3.855938085434417,-20.879073934514746,40.92542077835669,-204.51186263585967,79.78126981325869,40.92542077835669,-204.51186263585967,3.811756416038798,115
76,40.0,-0.39147807436211923,-0.7602601938343556,-0.6190471652336397,-0.7602601938343556,3.678104979103373,-21.01937967461639,40.84295737923229,-205.98176164804744,79.76300783816018,40.84295737923229,-205.98176164804744,3.825871739393278,115
77,40.0,-0.3676708303296892,-0.7647162868351229,-0.5690073409702352,-0.7647162868351229,3.501775845126188,-21.150803476893408,40.760710857832144,-207.3602369562339,79.77000746545811,40.760710857832144,-207.3602369562339,3.8405357534687448,115
78,40.0,-0.34399677901831793,-0.7688169930031228,-0.5191416075933756,-0.7688169930031228,3.3268761460341594,-21.273396770542472,40.67865981675047,-208.64788658825987,79.8002142223218,40.67865981675047,-208.64788658825987,3.855662434037654,115
79,40.0,-0.320451187360424,-0.7725632103395123,-0.4694384602794288,-0.7725632103395123,3.1533322677850077,-21.38720937540292,40.596784013449806,-209.84528842662027,79.85160001988413,40.596784013449806,-209.84528842662027,3.871164448457669,115
80,40.0,-0.2970294357246716,-0.7759557798305021,-0.41988693301465296,-0.7759557798305021,2.9810714735423387,-21.492289462007165,40.51506434823222,-210.95299975182448,79.92216176919456,40.51506434823222,-210.95299975182448,3.886953278599896,115
81,40.0,-0.27372701216492235,-0.7789954840158944,-0.3704765895600679,-0.7789954840158944,2.8100218577725835,-21.58868350803761,40.43348285200331,-211.97155673061863,80.00991998395155,40.43348285200331,-211.97155673061863,3.9029393387653757,115
82,40.0,-0.2505395067683696,-0.7816830456427428,-0.32119751441302263,-0.7816830456427428,2.6401123006566145,-21.67643625076401,40.35202267384949,-212.9014738438758,80.11291736739419,40.35202267384949,-212.9014738438758,3.9190320886797947,115
83,40.0,-0.22746260609802715,-0.7840191263966033,-0.2720403037697875,-0.7840191263966032,2.4712724228110035,-21.75559063506793,40.27066806844802,-213.74324324932667,80.22921738048761,40.27066806844802,-213.74324324932667,3.9351401416450846,115
84,40.0,-0.20449208772465619,-0.7860043257033476,-0.22299605649321758,-0.7860043257033476,2.3034325403117215,-21.826187756691457,40.189404383328664,-214.49733407463455,80.35690278830224,40.189404383328664,-214.49733407463455,3.9511713679161784,115
85,40.0,-0.18162381484314905,-0.7876391795950208,-0.17405636508929695,-0.7876391795950208,2.136523620011182,-21.888266800376847,40.108218046005575,-215.16419163664446,80.4940741812732,40.108218046005575,-215.16419163664446,3.9670329933625514,115
86,40.0,-0.15885373096832603,-0.7889241596336822,-0.12521330669620412,-0.7889241596336821,1.9704772351378468,-21.941864972591627,40.02709655099752,-215.7442365829303,80.63884846782736,40.02709655099752,-215.7442365829303,3.9826316934668546,115
87,40.0,-0.136177854705043,-0.7898596718876043,-0.07645943408938302,-0.7898596718876043,1.805225521165966,-21.987017428559987,39.94602844675438,-216.23786395204627,80.78935733467446,39.94602844675438,-216.23786395204627,3.997873682706904,115
88,40.0,-0.11359227458746414,-0.7904460559546529,-0.027787766706016584,-0.790446055954653,1.640701131941686,-22.02375719334697,39.865003322507604,-216.64544214914946,80.94374567089024,39.865003322507604,-216.64544214914946,4.012664799363153,115
89,40.0,-0.09109314398231282,-0.7906835840280395,0.020808218307798998,-0.7906835840280394,1.4768371960504771,-22.05211507676535,39.78401179506234,-216.9673118339036,81.10016995175062,39.78401179506234,-216.9673118339036,4.026910585790682,115
90,40.0,-0.06867667605086845,-0.7905724600000454,0.06933459502392321,-0.7905724600000454,1.3135672734096464,-22.072119581898082,39.70304549554862,-217.20378471779884,81.25679657812458,39.70304549554862,-217.20378471779884,4.040516364193517,115
91,40.0,-0.04633913876445205,-0.7901128185996702,0.11779699762988342,-0.7901128185996701,1.1508253120687808,-22.083796807050362,39.62209705614928,-217.35514226822644,81.41180016708736,39.62209705614928,-217.35514226822644,4.053387307939151,115
92,40.0,-0.024076849968102037,-0.7893047245605177,0.16620062929427365,-0.7893047245605176,0.9885456051999822,-22.087170340966154,39.54116009682173,-217.4216343168463,81.56336178927661,39.54116009682173,-217.4216343168463,4.0654285084529285,115
93,40.0,-0.0018861724871191438,-0.7881481718155569,0.21455027099670754,-0.7881481718155569,0.8266627482590518,-22.082261151162385,39.460229212031415,-217.4034775699459,81.709667148383,39.460229212031415,-217.4034775699459,4.076545037735114,115
94,40.0,0.02023649072887675,-0.7866430827157327,0.26285029031925866,-0.7866430827157328,0.6651115962980299,-22.06908746525293,39.37929995751383,-217.30085401865864,81.84890469803831,39.37929995751383,-217.30085401865864,4.08664200654825,115
95,40.0,0.042294701429760585,-0.7847893072697142,0.3111046501963794,-0.7847893072697141,0.5038272214089565,-22.047664645151436,39.29836883708262,-217.11390924704847,81.97926369124372,39.29836883708262,-217.11390924704847,4.095624618328755,115
96,40.0,0.06429199086200031,-0.7825866224023622,0.35931691762034945,-0.7825866224023622,0.34274487027819,-22.01800505405794,39.21743328950073,-216.84275063619285,82.09893215735896,39.21743328950073,-216.84275063619285,4.1033982188845135,115
97,40.0,0.08623186454448062,-0.7800347312298113,0.4074902722994358,-0.7800347312298113,0.1817999218302641,-21.98011791615012,39.13649167543147,-216.48744546251586,82.20609480155927,39.13649167543147,-216.48744546251586,4.109868341949698,115
98,40.0,0.1081178070285323,-0.7771332623493408,0.45562751526607975,-0.7771332623493409,0.020927844939839957,-21.934009168914585,39.05554326448616,-216.0480188887267,82.29893082155061,39.05554326448616,-216.0480188887267,4.114940750678993,115
99,40.0,0.1299532866476662,-0.7738817691424988,0.5037310774325667,-0.7738817691424988,-0.13993584380979124,-21.87968130806721,38.974588222384384,-215.52445184580213,82.37561163622044,38.974588222384384,-215.52445184580213,4.118521475175923,115
100,40.0,0.1517417602625625,-0.7702797290902219,0.5518030280919077,-0.7702797290902219,-0.30085562234351615,-21.817133225025454,38.893627598242844,-214.91667880454335,82.43429852079056,38.893627598242844,-214.91667880454335,4.120516846164252,115
101,40.0,0.17348667800688872,-0.7663265430989816,0.599845083361886,-0.7663265430989815,-0.4618960053083311,-21.746360036908378,38.812663312007686,-214.22458543530368,82.4731401429256,38.812663312007686,-214.22458543530368,4.12083352492708,115
102,40.0,0.19519148803956837,-0.7620215348372522,0.6478586145705574,-0.7620215348372522,-0.6231215863063396,-21.66735290905249,38.73169814204483,-213.44800615455014,82.49026999413901,38.73169814204483,-213.44800615455014,4.1193785296556955,115
103,40.0,0.21685964130915752,-0.7573639500818833,0.695844656581887,-0.7573639500818834,-0.784597080168576,-21.58009887004418,38.65073571290177,-212.58672155698062,82.48380371072841,38.65073571290177,-212.58672155698062,4.1160592583694156,115
104,40.0,0.23849459633603817,-0.752352956074241,0.7438039160606565,-0.752352956074241,-0.9463873652913696,-21.484580619282088,38.569780483253226,-211.6404557319828,82.45183627836128,38.569780483253226,-211.6404557319828,4.110783508588414,115
105,40.0,0.26009982401817805,-0.7469876408862492,0.791736779676288,-0.7469876408862492,-1.1085575260566836,-21.380776327094388,38.488837734041994,-210.60887346326206,82.39243911432042,38.488837734041994,-210.60887346326206,4.1034594939640945,115
106,40.0,0.281678812466263,-0.7412670127967729,0.8396433222458732,-0.7412670127967729,-1.2711728953575907,-21.26865942744975,38.40791355682459,-209.49157731053785,82.30365702131174,38.40791355682459,-209.49157731053785,4.093995858096123,115
107,40.0,0.30323507187405785,-0.7351899996790547,0.8875233148173709,-0.7351899996790547,-1.4342990972496195,-21.14819840331295,38.32701484232988,-208.288104572256,82.18350500662883,38.32701484232988,-208.288104572256,4.082301685791517,115
108,40.0,0.32477213942990657,-0.7287554484002277,0.9353762326947384,-0.7287554484002275,-1.5980020897482772,-21.019356564710435,38.24614926923699,-206.99792412833852,82.02996496036465,38.24614926923699,-206.99792412833852,4.068286512049558,115
109,40.0,0.34629358427535073,-0.7219621242342321,0.983201263407677,-0.7219621242342321,-1.762348207792491,-20.88209181958568,38.16532529317644,-205.62043316206558,81.84098218625975,38.16532529317644,-205.62043316206558,4.051860329086693,115
110,40.0,0.3678030125168939,-0.7148087102897821,1.030997314629667,-0.7148087102897821,-1.9274042063929995,-20.73635643753985,38.084552135956244,-204.154953760276,81.61446177868369,38.084552135956244,-204.154953760276,4.032933591748336,115
111,40.0,0.3893040722970171,-0.7072938069553544,1.0787630220491187,-0.7072938069553543,-2.093237303984044,-20.58209680657071,38.00383977501183,-202.6007293911811,81.34826483915761,38.00383977501183,-202.6007293911811,4.011417221689338,115
112,40.0,0.410800458930607,-0.6994159313635179,1.1264967571997158,-0.699415931363518,-2.2599152259957727,-20.419253182941308,37.9231989330758,-200.95692125921397,81.04020452574942,37.9231989330758,-200.95692125921397,3.987222610742369,115
113,40.0,0.4322959201130338,-0.6911735168772787,1.1741966352574509,-0.6911735168772786,-2.427506248663848,-20.247759434330767,37.842641068059834,-199.2226045364924,80.68804192860742,37.842641068059834,-199.2226045364924,3.960261623933394,115
114,40.0,0.4537942612061841,-0.6825649126014838,1.2218605228133999,-0.6825649126014838,-2.5960792430916024,-20.067542776442973,37.76217836313763,-197.3967644706632,80.2894817648512,37.76217836313763,-197.3967644706632,3.93044660264634,115
115,40.0,0.4752993506088236,-0.6735883829227298,1.269486045632997,-0.6735883829227297,-2.765703719578905,-19.878523503274067,37.68182371701339,-195.47829236911463,79.84216788600449,37.68182371701339,-195.47829236911463,3.8976903684845157,115
116,40.0,0.4968151252177426,-0.6642421070816226,1.3170705964144953,-0.6642421070816226,-2.936449872230486,-19.680614711269243,37.601590734355696,-193.465981459819,79.34367859115339,37.601590734355696,-193.465981459819,3.8619062284254713,115
117,40.0,0.518345595986197,-0.654524178781684,1.3646113425613322,-0.654524178781684,-3.1083886238549376,-19.47372201763106,37.52149371637182,-191.35852262937772,78.79152173903097,37.52149371637182,-191.35852262937772,3.8230079819178835,115
118,40.0,0.5398948535862519,-0.6444326058396386,1.4121052339854658,-0.6444326058396387,-3.2815916711640245,-19.257743273077924,37.44154765149159,-189.15450003922095,78.18312965228672,37.44154765149159,-189.15450003922095,3.780909930624889,115
119,40.0,0.5614670741816741,-0.6339653098823265,1.4595490109611888,-0.6339653098823264,-3.4561315302798876,-19.03256826939202,37.36176820612404,-186.8523866213525,77.51585380729486,37.36176820612404,-186.8523866213525,3.735526891577723,115
120,40.0,0.5830665253181203,-0.6231201260959819,1.5069392120517178,-0.623120126095982,-3.6320815825558843,-18.79807844214184,37.28217171544332,-184.45053945555088,76.78695930299924,37.28217171544332,-184.45053945555088,3.6867742145670266,115
121,40.0,0.6046975719374068,-0.6118948030341688,1.554272182133805,-0.6118948030341689,-3.80951612071438,-18.554146569014787,37.20277517415282,-181.94719503052522,75.99361910248805,37.20277517415282,-181.94719503052522,3.634567804666848,115
122,40.0,0.6263646825227195,-0.600287002491255,1.6015440805488876,-0.600287002491255,-3.988510395302382,-18.300636464253646,37.12359622716868,-179.3404643922344,75.1329080412578,37.12359622716868,-179.3404643922344,3.578824150858746,115
123,40.0,0.6480724353816822,-0.5882942994489007,1.6487508894128673,-0.5882942994489005,-4.169140661463269,-18.03740266975348,37.04465316015486,-176.62832818335826,74.20179659645795,37.04465316015486,-176.62832818335826,3.5194603618002995,115
124,40.0,0.6698255250742314,-0.575914182103722,1.6958884221203998,-0.5759141821037221,-4.351484226019673,-17.764290143448022,36.96596488983261,-173.8086315788438,73.19714441183388,36.96596488983261,-173.8086315788438,3.456394209864531,115
125,40.0,0.6916287689923072,-0.563144051984962,1.742952332083867,-0.563144051984962,-4.535619494859552,-17.48113394569342,36.887550953976486,-170.87907912348223,72.11569357360251,36.887550953976486,-170.87907912348223,3.3895441846640715,115
126,40.0,0.7134871140983772,-0.5499812241717618,1.7899381217516406,-0.5499812241717619,-4.721626020613675,-17.18775892444619,36.80943150099798,-167.8372294786745,70.95406163312795,36.80943150099798,-167.8372294786745,3.3188295573668265,115
127,40.0,0.7354056438298482,-0.5364229276204137,1.8368411519552992,-0.5364229276204135,-4.909584550609022,-16.883979400130624,36.73162727900548,-164.68049008689277,69.70873437302491,36.73162727900548,-164.68049008689277,3.244170457208791,115
128,40.0,0.7573895851763967,-0.5224663056128229,1.8836566516406936,-0.5224663056128229,-5.099577075078152,-16.56959885119982,36.65415962421578,-161.4061117638757,68.3760583142191,36.65415962421578,-161.4061117638757,3.1654879617143274,115
129,40.0,0.7794443159372682,-0.5081084163383037,1.9303797280436354,-0.5081084163383036,-5.291686875600135,-16.244409601515223,36.57705044857799,-158.01118323031875,66.9522329625615,36.57705044857799,-158.01118323031875,3.082704202245306,115
130,40.0,0.8015753721655214,-0.4933462336218077,1.9770053773771545,-0.49334623362180763,-5.485998573743296,-15.908192510803401,36.50032222645505,-154.4926255967666,65.43330279484655,36.50032222645505,-154.4926255967666,2.9957424866181053,115
131,40.0,0.823788455806167,-0.4781766478127029,2.0235284961040927,-0.4781766478127028,-5.6825981798746446,-15.56071666959538,36.42399798019087,-150.84718681758187,63.815148985540304,36.42399798019087,-150.84718681758187,2.9045274406513633,115
132,40.0,0.8460894425350616,-0.4625964668493057,2.0699438928760303,-0.46259646684930555,-5.881573142094915,-15.201739100215446,36.348101264373035,-147.07143613229366,62.093480877212166,36.348101264373035,-147.07143613229366,2.8089851706378948,115
133,40.0,0.8684843898052816,-0.4466024175155759,2.116246301227415,-0.4466024175155759,-6.083012395251132,-14.831004465565364,36.27265614858097,-143.1617585153498,60.26382719962138,36.27265614858097,-143.1617585153498,2.709043448871844,115
134,40.0,0.8909795451075959,-0.43019114690757515,2.162430393122199,-0.43019114690757526,-6.287006409972046,-14.448244787642839,36.197687198388174,-139.1143491582917,58.321527044635765,36.197687198388174,-139.1143491582917,2.604631924505343,115
135,40.0,0.9135813544514302,-0.4133592241286845,2.2084907934593607,-0.4133592241286845,-6.493647241663409,-14.05317917794828,36.123219454364175,-134.92520801173305,56.26172060673185,36.123219454364175,-134.92520801173305,2.4956823621596467,115
136,40.0,0.9362964710725256,-0.3961031422339411,2.2544220956534256,-0.39610314223394116,-6.7030285793920745,-13.645513582164885,36.04927840879698,-130.59013441820332,54.07933970173048,36.04927840879698,-130.59013441820332,2.382128910871349,115
137,40.0,0.9591317643731851,-0.3784193204454141,2.3002188784165156,-0.37841932044541415,-6.915245794578286,-13.22494054175202,35.97588997983044,-126.1047218710174,51.76909807974149,35.97588997983044,-126.1047218710174,2.263908406116431,115
138,40.0,0.9820943291007003,-0.360304106662123,2.3458757238796526,-0.360304106662123,-7.130395989405837,-12.7911389753666,35.903080482682135,-121.46435293881616,49.325481552028336,35.903080482682135,-121.46435293881616,2.1409607078211836,115
139,40.0,1.005191494769145,-0.3417537802897545,2.391387237202901,-0.3417537802897545,-7.348578044848724,-12.343773983327099,35.83087659757721,-116.66419440037342,46.74273795573264,35.83087659757721,-116.66419440037342,2.0132290774400454,115
140,40.0,1.028430835329258,-0.32276455541725013,2.436748067836656,-0.3227645554172501,-7.5698926682011525,-11.882496678657944,35.75930533400102,-111.69919263967171,44.01486698514259,35.75930533400102,-111.69919263967171,1.8806605973539172,115
141,40.0,1.0518201790906287,-0.3033325843693011,2.4819529326098966,-0.3033325843693011,-7.794442439985153,-11.406944048602309,35.68839399083839,-106.56406935717428,41.13560992351351,35.68839399083839,-106.56406935717428,1.7432066360179865,115
142,40.0,1.0753676188997432,-0.28345396166588815,2.526996640835483,-0.2834539616658882,-8.02233186009585,-10.91673885086792,35.61817011193083,-101.25331765967455,38.09843931539834,35.61817011193083,-101.25331765967455,1.6008233624634545,115
143,40.0,1.0990815225767763,-0.26312472842220225,2.5718741216377854,-0.2631247284222022,-8.253667393029843,-10.411489549275187,35.54866143654373,-95.76119859812083,34.89654862607099,35.54866143654373,-95.76119859812083,1.4534723139306158,115
144,40.0,1.122970543613148,-0.2423408772246696,2.616580453723829,-0.24234087722466957,-8.48855751202542,-9.890790293911191,35.4798958441941,-90.08173823043387,31.522841941997576,35.4798958441941,-90.08173823043387,1.301121020579668,115
145,40.0,1.1470436321309934,-0.22109835752130877,2.6611108978360307,-0.2210983575213088,-8.727112741926188,-9.354220951356595,35.41190129324571,-84.20872529456602,27.969923774468867,35.41190129324571,-84.20872529456602,1.143743691386584,115
146,40.0,1.1713100461045536,-0.19939308156733104,2.7054609321420524,-0.1993930815673311,-8.969445700560147,-8.801347191046396,35.34470575263306,-78.13570958592959,24.23008903752934,35.34470575263306,-78.13570958592959,0.9813219654817686,115
147,40.0,1.195779362842373,-0.17722093096973718,2.749626290835809,-0.17722093096973723,-9.215671138406094,-8.231720634350049,35.27833712602675,-71.85600114286491,20.295313281271074,35.27833712602675,-71.85600114286491,0.8138457333242308,115
148,40.0,1.2204614907277513,-0.15457776387769165,2.793603006242554,-0.15457776387769162,-9.465905976296478,-7.644879073511153,35.21282316770356,-65.36267035403803,16.157243272475807,35.21282316770356,-65.36267035403803,0.6413140322195245,115
149,40.0,1.2453666812134125,-0.13145942286866755,2.8373874547407665,-0.13145942286866757,-9.72026934088203,-7.040346768171984,35.148191389332226,-58.64854911256794,11.807188026536403,35.148191389332226,-58.64854911256794,0.46373602077977616,115
150,40.0,1.2705055410646133,-0.1078617435837442,2.8809764068337014,-0.10786174358374417,-9.978882597557451,-6.417634827820628,35.08446895683205,-51.70623315326289,7.236110407623938,35.08446895683205,-51.70623315326289,0.28113203698242195,115
151,40.0,1.2958890448429445,-0.08378056416908469,2.9243670817240273,-0.08378056416908475,-10.241869380518985,-5.7762416891405675,35.02168257640723,-44.52808572162789,2.4346194282600626,35.02168257640723,-44.52808572162789,0.0935347445043955,115
152,40.0,1.3215285476209635,-0.05921173558440264,2.967557206765844,-0.059211735584402625,-10.509355619594853,-5.115653697905803,34.959858368803125,-37.10624273619636,-2.6070366051871026,34.959858368803125,-37.10624273619636,-0.09900962801935105,115
153,40.0,1.347435797915296,-0.03415113284332809,3.0105450821891133,-0.03415113284332805,-10.781469563456248,-4.435345805753781,34.89902173077475,-29.43261961929222,-7.898975937953173,34.89902173077475,-29.43261961929222,-0.2964399502470573,115
154,40.0,1.3736229508232072,-0.008594667254813362,3.0533296515121586,-0.008594667254813337,-11.058341798781816,-3.7347823928699007,34.839197182701376,-21.49891998537994,-13.451688022311778,34.839197182701376,-21.49891998537994,-0.4986787514759839,115
155,40.0,1.4001025813445611,0.017461700260702512,3.0959105780778806,0.017461700260702484,-11.340105264909981,-3.0134182283358126,34.780408201225505,-13.296646390743076,-19.27603678290953,34.780408201225505,-13.296646390743076,-0.7056306758956569,115
156,40.0,1.426887697867777,0.0440219447019172,3.1382883281684837,0.044021944701917115,-11.626895263472985,-2.270699580613565,34.72267703574079,-4.817113363144826,-25.38326227156921,34.72267703574079,-4.817113363144826,-0.9171808278812859,115
157,40.0,1.4539917557946196,0.07108996128055088,3.1804642611712555,0.0710899612805509,-11.918849462461925,-1.506065491357955,34.66602450750217,3.9485370546858864,-31.784980469539626,34.66602450750217,3.9485370546858864,-1.1331930038846514,115
158,40.0,1.4814286712745561,0.09866954838968311,3.222440727283895,0.09866954838968311,-12.216107894124994,-0.718949226455313,34.610469790084466,13.009316998653567,-38.4931809724335,34.610469790084466,13.009316998653567,-1.3535078080256366,115
159,40.0,1.5092128350148202,0.12676438915214827,3.2642211732614284,0.12676438915214822,-12.518812946049977,0.09122008112949097,34.556030169873104,22.374371449750473,-45.52022226927889,34.556030169873104,22.374371449750473,-1.5779406491708334,115
160,40.0,1.537359126127232,0.1553780314487158,3.3058102567171255,0.1553780314487157,-12.827109344726948,0.9250155814689223,34.50272078523621,32.05295359435076,-52.87882430234709,34.50272078523621,32.05295359435076,-1.8062796181245453,115
161,40.0,1.5658829259672622,0.18451386631966918,3.3472139694964653,0.1845138663196691,-13.141144130828764,1.7830106349309518,34.45055434299991,42.054396585222804,-60.582057968914256,34.45055434299991,42.054396585222804,-2.038283244572306,115
162,40.0,1.5948001319146101,0.21417510462692269,3.3884397706449727,0.21417510462692269,-13.461066625383143,2.6657765002338287,34.39954081083387,52.388081396978436,-68.64333120004264,34.39954081083387,52.388081396978436,-2.2736781346265844,115
163,40.0,1.6241271710377803,0.2443647518571368,3.4294967294869307,0.24436475185713685,-13.787028385942913,3.573879766522037,34.34968708415067,63.06340045794974,-77.0763712251822,34.34968708415067,63.06340045794974,-2.5121564912520027,115
164,40.0,1.653881013577608,0.27508558093923485,3.4703956793211708,0.2750855809392349,-14.119183151787805,4.50787951236954,34.300996626136765,74.0897167305632,-85.89520260519322,34.300996626136765,74.0897167305632,-2.753373521513387,115
165,40.0,1.6840791861764837,0.30634010294247255,3.5111493822215216,0.30634010294247255,-14.457686777114054,5.468324174441076,34.253469079563864,85.4763179047579,-95.11412059076576,34.253469079563864,85.4763179047579,-2.9969447365182837,115
166,40.0,1.7147397847709023,0.33813053551360994,3.55177270540115,0.33813053551360994,-14.80269715108425,6.455748108535883,34.20709984908475,97.23236536442117,-104.74765933864157,34.20709984908475,97.23236536442117,-3.2424431521371395,115
167,40.0,1.74588148705506,0.3704587689039081,3.5922828095610475,0.3704587689039081,-15.154374103521354,7.470667825933956,34.161879652796486,109.36683758587114,-114.81055449517467,34.161879652796486,109.36683758587114,-3.4893964011014105,115
168,40.0,1.7775235644123049,0.4033263294286072,3.6326993495912427,0.40332632942860724,-15.512879294935829,8.51357788840027,34.11779404196404,121.88846763086988,-125.31769963631874,34.11779404196404,121.88846763086988,-3.7372837699225556,115
169,40.0,1.8096858931992834,0.43673434019318597,3.6730446879273457,0.4367343401931859,-15.878376089473159,9.584946445910417,34.07482288794034,134.80567440525368,-136.28409603590572,34.07482288794034,134.80567440525368,-3.9855331772600513,115
170,40.0,1.8423889652546086,0.47068347891224166,3.713344120782999,0.4706834789122416,-16.251029409261687,10.685210402190448,34.0329398355008,148.1264873690067,-147.72479522109026,34.0329398355008,148.1264873690067,-4.233518113910345,115
171,40.0,1.8756538974895411,0.5051739326380984,3.7536261173784373,0.5051739326380984,-16.63100556852517,11.814770194549858,33.992111722035084,161.85846440533254,-159.6548337660797,33.992111722035084,161.85846440533254,-4.480554568499249,115
172,40.0,1.9095024404026524,0.5402053492074855,3.7939225721649574,0.5402053492074855,-17.018472085702697,12.973984176282007,33.95229796231238,176.00860258610987,-172.0891597740203,33.95229796231238,176.00860258610987,-4.725897967243677,115
173,40.0,1.9439569853434115,0.5757767852057167,3.834269069902185,0.5757767852057168,-17.413597471688842,14.163162592153315,33.91344989886268,190.5832416100494,-185.04255050342422,33.91344989886268,190.5832416100494,-4.968740160800086,115
174,40.0,1.9790405703311598,0.6118866502389401,3.8747051632775857,0.6118866502389402,-17.816550992169184,15.382561140250786,33.875510118402126,205.5879597390495,-198.52952061129864,33.875510118402126,205.5879597390495,-5.208206496225932,115
175,40.0,2.014776884215817,0.6485326472961742,3.9152746625637027,0.6485326472961742,-18.22750240188115,16.63237411675343,33.838411735179214,221.02746211875274,-212.56422051166797,33.838411735179214,221.02746211875274,-5.443353017421973,115
176,40.0,2.051190268944796,0.6857117089741854,3.9560259365856334,0.6857117089741855,-18.64662164847586,17.912727144081206,33.802077642636554,236.90546144225172,-227.16032438715862,33.802077642636554,236.90546144225172,-5.673163843062932,115
177,40.0,2.0883057196769204,0.7234199293298462,3.9970122240178294,0.7234199293298464,-19.074078543494885,19.223669487399064,33.76641973537388,253.22455100232145,-242.33090744441776,33.76641973537388,253.22455100232145,-5.896548776909447,115
178,40.0,2.12614888245839,0.7616524911165324,4.038291953743226,0.7616524911165323,-19.510042397804238,20.56516596964523,33.73133810406704,269.9860702783732,-258.08831207310317,33.73133810406704,269.9860702783732,-6.112341211457231,115
179,40.0,2.1647460491481376,0.8004035881536352,4.079929072687967,0.8004035881536352,-19.954681618649406,21.937088501148324,33.69672020674673,287.1899633204245,-274.44400265479857,33.69672020674673,287.1899633204245,-6.319296392032407,115
180,40.0,2.2041241492497923,0.8396663425713494,4.1219933791901395,0.8396663425713495,-20.408163265306122,23.33920724650614,33.662440020674275,304.8346303242431,-291.40840887407853,33.662440020674275,304.8346303242431,-6.5160901145749275,115
181,40.0,2.244310738275152,0.8794327166669657,4.16456085957083,0.8794327166669658,-20.870652560105626,24.77118145873698,33.6283571799682,322.916772939927,-308.9907575107263,33.6283571799682,322.916772939927,-6.701317936333316,115
182,40.0,2.285333982229162,0.9196934191039191,4.20771402515034,0.919693419103919,-21.342312351407926,26.23255001876204,33.59431610513664,341.4312340203931,-327.19889284105614,33.59431610513664,341.4312340203931,-6.873494984364831,115
183,40.0,2.327222637768904,0.9604378051813108,4.25154224649254,0.9604378051813109,-21.823302524883626,27.7227217270149,33.56014513175268,360.37083269627345,-346.03908594858154,33.56014513175268,360.37083269627345,-7.031056451914573,115
184,40.0,2.3700060275488917,1.0016537708995794,4.2961420811679565,1.0016537708995794,-22.31377935924454,29.240965403343196,33.52565564666811,379.7261958585422,-365.515833440506,33.52565564666811,379.7261958585422,-7.172358877224324,115
185,40.0,2.413714010221902,1.0433276405479512,4.341617590803993,1.0433276405479512,-22.81389482233597,30.786399861297312,33.49064124138944,399.48558733841855,-385.6316462869679,33.49064124138944,399.48558733841855,-7.295682302865494,115
186,40.0,2.458376944518549,1.0854440475414997,4.388080642642986,1.0854440475414997,-23.323795803270485,32.35798383328117,33.45487689352592,419.6347362934657,-406.3868297441586,33.45487689352592,419.6347362934657,-7.399233416041635,115
187,40.0,2.5040256467798008,1.1279858082404783,4.435651190260787,1.1279858082404783,-23.84362327604468,33.9545059337349,33.418118188551674,440.1566665364689,-427.77925558921464,33.418118188551674,440.1566665364689,-7.481149771188996,115
188,40.0,2.5506913412644745,1.170933788492662,4.484457527517051,1.170933788492662,-24.37351138983926,35.57457475835857,33.38010059548343,461.03152877593186,-449.8041281821975,33.38010059548343,461.03152877593186,-7.539505195327745,115
189,40.0,2.5984056024985067,1.2142667626509853,4.53463650922214,1.2142667626509853,-24.913586480959093,37.21660922815451,33.34053881144197,482.2364379691667,-472.45374617534503,33.34053881144197,482.2364379691667,-7.572316473678414,115
190,40.0,2.6472002888743957,1.257961264834672,4.586333731423855,1.257961264834672,-25.46396600112737,38.87882929752775,33.299126191414274,503.7453182156555,-495.71726200821513,33.299126191414274,503.7453182156555,-7.577551407762016,115
191,40.0,2.6971074666476844,1.3019914322226394,4.639703663652295,1.3019914322226396,-26.02475735660723,40.559247155544924,33.25553428083509,525.528757833018,-519.5804416537896,33.25553428083509,525.528757833018,-7.553138330254625,115
192,40.0,2.7481593234128674,1.3463288401941973,4.694909724925701,1.3463288401941975,-26.596056652390416,42.255659058406245,33.20941246982891,547.553877453468,-544.0254274087475,33.20941246982891,547.553877453468,-7.496977150004449,115
193,40.0,2.800388070073619,1.390942329164441,4.752124294828814,1.390942329164441,-27.17794733546639,43.965637938871616,33.16038778906048,569.7842141468169,-569.0305068428393,33.16038778906048,569.7842141468169,-7.406951986610387,115
194,40.0,2.8538258302522226,1.4357978230014075,4.811528650544079,1.4357978230014077,-27.770498730974086,45.68652694443876,33.108064868093805,592.1796247083465,-594.569891328761,33.108064868093805,592.1796247083465,-7.28094543663248,115
195,40.0,2.9085045160105247,1.4808581389596198,4.873312820361381,1.4808581389596198,-28.373764464843582,47.41543406009348,33.05202607791549,614.6962113368445,-620.6135078545593,33.05202607791549,614.6962113368445,-7.116854492749805,115
196,40.0,2.964455688680304,1.5260827891213649,4.937675343931836,1.5260827891213649,-28.9877807663647,49.14922797305188,32.99183187979496,637.28627296047,-647.1268080642867,32.99183187979496,637.28627296047,-6.9126081129854775,115
197,40.0,3.021710403524943,1.5714277734039155,5.004822929382401,1.5714277734039155,-29.612564643978676,50.88453533569304,32.9270214028889,659.8982854365119,-674.0705986671597,32.9270214028889,659.8982854365119,-6.66618640957269,115
198,40.0,3.0802990368773773,1.6168453642690026,5.0749699973885045,1.6168453642690028,-30.24811192748388,52.61773957846453,32.85711327290802,682.4769137465308,-701.4008974881616,32.85711327290802,682.4769137465308,-6.375641396351561,115
199,40.0,3.140251094322466,1.6622838833616926,5.148338102427612,1.6622838833616926,-30.89439516978919,54.344981416607475,32.78160671371141,704.9630591229931,-729.0688194913524,32.78160671371141,704.9630591229931,-6.0391192001163585,115
200,40.0,3.20159499841567,1.7076874704104674,5.225155221721444,1.7076874704104674,-31.551361401341918,56.06216118280962,32.6999829428446,727.2939437705236,-757.0204970786712,32.6999829428446,727.2939437705236,-5.654883605576389,115
201,40.0,3.2643578543560383,1.752995844840467,5.30565490283198,1.7529958448404672,-32.21892973041933,57.76494310216374,32.61170688076092,749.4032354795662,-785.1970388404532,32.61170688076092,749.4032354795662,-5.221340766199422,115
202,40.0,3.328565191960628,1.7981440606888217,5.3900752615134415,1.798144060688822,-32.896988782607586,59.44876160598883,32.51622919174552,771.2212139702348,-813.5345306996419,32.51622919174552,771.2212139702348,-4.7370648749883575,115
203,40.0,3.3942406822220095,1.8430622555665268,5.478657822246079,1.8430622555665264,-33.58539397302028,61.108829757185674,32.41298867238442,792.6749802498143,-841.9640830421602,32.41298867238442,792.6749802498143,-4.2008245511417,115
204,40.0,3.461405826671639,1.8876753945868665,5.571646194886695,1.8876753945868663,-34.28396460513836,62.74014983200962,32.30141500079221,813.6887096225902,-870.4119269567537,32.30141500079221,813.6887096225902,-3.6116096616552564,115
205,40.0,3.530079617722437,1.9319030103777923,5.669284582061993,1.9319030103777919,-34.99248079060544,64.33752607177246,32.18093185674541,834.1839482630182,-898.7995621179901,32.18093185674541,834.1839482630182,-2.968658262413637,115
206,40.0,3.600278168126048,1.9756589405164777,5.771816113293392,1.9756589405164777,-35.71068018490278,65.89557958351243,32.050960419393405,854.0799524640661,-927.0439581393628,32.050960419393405,854.0799524640661,-2.271483312448911,115
207,40.0,3.6720143076572187,2.0188510639701303,5.879481003360878,2.0188510639701303,-36.43825453457578,67.40876533174604,31.910923245380797,873.2940688174058,-955.057810407626,31.910923245380797,873.2940688174058,-1.5198987890812035,115
208,40.0,3.745297145132742,2.061381038399776,5.992514534067428,2.061381038399776,-37.17484603261219,68.87139112486986,31.760248526070363,891.7421526906434,-982.7498504979243,31.760248526070363,891.7421526906434,-0.7140448118440439,115
209,-0.03077550471898604,3.8201315938894216,2.1031440404844095,6.11114486032925,2.1031440404844095,-37.92004347970155,70.27763846057867,-8.432400786541152,880.2337677376105,-1046.6293767809004,-8.432400786541152,880.2337677376105,0.1508648842788496,115
210,-0.2193308339877237,3.8965178588888203,2.1440285117531235,6.23559064336008,2.1440285117531235,-38.67337825046363,71.62158505594495,-8.794575296388047,896.7653827218244,-1073.8203982551518,-8.794575296388047,896.7653827218244,1.0959370850560255,115
211,-0.4115178696072864,3.974450883690906,2.18391591277356,6.366058515606859,2.18391591277356,-39.43432006534348,72.89722885078217,-9.172652567980805,912.2851729786818,-1100.4259234119602,-9.172652567980805,912.2851729786818,2.093693979461296,115
212,-0.6072844634416434,4.05391975564985,2.222680488936992,6.50274038399568,2.2226804889369918,-40.20227257076491,74.0985132389,-9.567079863261114,926.7082928226381,-1126.3441006484472,-9.567079863261114,926.7082928226381,3.14255751247088,115
213,-0.8065705897373622,4.134907067838604,2.260189051504037,6.645810579924428,2.260189051504037,-40.97656873233695,75.21935325219643,-9.978264317438942,939.9509071585901,-1151.4714112929248,-9.978264317438942,939.9509071585901,4.240531112400177,115
214,-1.0093082950350625,4.217388236411469,2.2963007780300426,6.795422866261215,2.296300778030042,-41.75646604845325,76.2536623985242,-10.406566635147456,951.9307339013575,-1175.7032472554085,-10.406566635147456,951.9307339013575,5.385188738661956,115
215,-1.2154216810148664,4.301330772372727,2.3308670367748707,6.951707313346458,2.330867036774871,-42.54114159454291,77.19537983715986,-10.852294574110104,962.5675836928417,-1198.934515094628,-10.852294574110104,962.5675836928417,6.573667473387545,115
216,-1.424826919800135,4.386693507041728,2.3637312402164596,7.114767057628168,2.3637312402164596,-43.329686911551065,78.0384975665938,-11.315696251195444,971.7838890821674,-1221.0602589725365,-11.315696251195444,971.7838890821674,7.802663892399174,115
217,-1.6374323006873062,4.4734257708995555,2.394728733328586,7.28467495807211,2.3947287333285856,-44.12110275598432,78.77708729916031,-11.796953308248384,979.5052153377884,-1241.9762944742686,-11.796953308248384,979.5052153377884,9.068434394225939,115
218,-1.8531383067074139,4.561466525977353,2.423686722846907,7.461470166875808,2.423686722846907,-44.91429373307474,79.40532670638952,-12.296173977137698,985.6607452776341,-1261.5798449895638,-12.296173977137698,985.6607452776341,10.36679960446109,115
219,-2.071837718871143,4.650743452511145,2.4504242543287074,7.645154632285518,2.4504242543287074,-45.70806283932711,79.91752473827584,-12.813386085064877,990.183730939062,-1279.7701723027292,-12.813386085064877,990.183730939062,11.693152908874584,115
220,-2.2934157454167607,4.741171991251222,2.474752244404028,7.835689552487856,2.4747522444040286,-46.50110594593839,80.30814574894755,-13.348530042384198,993.0119055614791,-1296.4491932354956,-13.348530042384198,993.0119055614791,13.04247310463927,115
221,-2.517750172883586,4.832654343585549,2.496473576210896,8.032991800655,2.4964735762108963,-47.29200626033907,80.57183220019203,-13.901451856067093,994.0878502099254,-1311.5220746353987,-13.901451856067093,994.0878502099254,14.409341097253506,115
222,-2.7447115353852016,4.925078432524689,2.515383266594577,8.236930342307819,2.515383266594577,-48.07922880941027,80.70342576227058,-14.471896212610307,993.3593104084939,-1324.8977996962863,-14.471896212610307,993.3593104084939,15.787960513687104,115
223,-2.9741632980696586,5.018316828609541,2.5312687142178985,8.447322667280822,2.5312687142178985,-48.8611149947891,80.69798668742997,-15.059499674774539,990.7794593513319,-1336.4896995219606,-15.059499674774539,990.7794593513319,17.172182052276217,115
224,-3.2059620504394837,5.1122256459500495,2.5439100382613646,8.663931259789312,2.543910038261364,-49.63587727807706,80.5508113941377,-15.663784037202673,986.3071055828519,-1346.2159449736528,-15.663784037202673,986.3071055828519,18.555531349022072,115
225,-3.43995770497164,5.206643414889624,2.55308051787059,8.886460131483048,2.553080517870589,-50.40159406169529,80.25744826769721,-16.284149886877938,979.9068444487566,-1353.9999951424547,-16.284149886877938,979.9068444487566,19.931240109919788,115
226,-3.6759936963356314,5.301389939221452,2.5585471429138145,9.114551443994312,2.5585471429138145,-51.15620483955502,79.81371175365966,-16.919870415722798,971.5491540730376,-1359.771000216545,-16.919870415722798,971.5491540730376,21.292280240995712,115
227,-3.9139071764608486,5.396265147461055,2.560071286920402,9.347782249421805,2.5600712869204023,-51.89750570057473,79.21569489227994,-17.570085534585466,961.2104380684298,-1363.4641580207053,-17.570085534585466,961.2104380684298,22.631400702521322,115
228,-4.153529200757097,5.4910479494046776,2.5574095132555485,9.585661379500387,2.5574095132555485,-52.623145277309085,78.45978051299106,-18.233796340579644,948.8730185938658,-1365.0210250382004,-18.233796340579644,948.8730185938658,23.941166821435115,115
229,-4.3946849009446,5.585495111070809,2.5503145256172655,9.827626516942832,2.550314525617265,-53.330621241457486,77.54265137527479,-18.90985999337422,934.5250846887847,-1364.3897842258157,-18.90985999337422,934.5250846887847,25.21400181568522,115
230,-4.637193640201961,5.679340163124176,2.5385362737861357,10.07304148564147,2.5385362737861357,-54.01727745766963,76.46129960418835,-19.596985060682115,918.1606020002698,-1361.525473344061,-19.596985060682115,918.1606020002698,26.44223031467574,115
231,-4.880869146688162,5.772292360003782,2.521823225180789,10.321193800099007,2.521823225180789,-54.680301916702774,75.21303582305816,-20.29372739892887,899.7791910392568,-1356.3901787903064,-20.29372739892887,899.7791910392568,27.61812369925538,115
232,-5.1255196219335755,5.864035709199041,2.499923812134482,10.571292518609503,2.499923812134482,-55.31672557842167,73.79549843050344,-20.99848664189906,879.3859819264231,-1348.9532009901245,-20.99848664189906,879.3859819264231,28.733947130115077,115
233,-5.3709478211178645,5.95422809241345,2.472588063870678,10.82246644929052,2.4725880638706785,-55.92342226414036,72.20666350222596,-21.70950337799995,856.9914541934724,-1339.1911982239803,-21.70950337799995,856.9914541934724,29.782008181911333,115
234,-5.616951102852257,6.042500502687736,2.439569430877059,11.073762762999518,2.439569430877059,-56.497109746116784,70.44485581834303,-22.42485710551313,832.6112705749453,-1327.088316301771,-22.42485710551313,832.6112705749453,30.754707048317126,115
235,-5.863321446750272,6.128456423879551,2.4006268077169377,11.324146072337822,2.4006268077169377,-57.03435218931855,68.50876152314031,-23.14246506461163,806.2661138500418,-1312.6363117136693,-23.14246506461163,806.2661138500418,31.644588326622113,115
236,-6.10984543779666,6.211671381159999,2.355526758234885,11.572498041200577,2.355526758234885,-57.53156410653617,66.39744291493079,-23.860082054710105,777.9815356705403,-1295.8346757580723,-23.860082054710105,777.9815356705403,32.444394425391714,115
237,-6.356304217298108,6.291692693322909,2.304045944572316,11.817617594474793,2.304045944572316,-57.98501599213133,64.11035583843955,-24.575301355503854,747.7878259432755,-1276.6907666612424,-24.575301355503854,747.7878259432755,33.14712066094518,115
238,-6.602473401013205,6.368039459635004,2.2459737583770694,12.058221802283956,2.245973758377069,-58.39084180175125,61.64737011026846,-25.28555687938009,715.719910732604,-1255.2199558532566,-25.28555687938009,715.719910732604,33.74607211407394,115
239,-6.848122965902686,6.440202815595786,2.1811151490432987,12.292947517350012,2.1811151490432996,-58.74504844474685,59.008793349259925,-25.988126691205302,681.8172858230071,-1231.4457933555946,-25.988126691205302,681.8172858230071,34.234922303826956,115
240,-7.093017107807719,6.50764649322705,2.1092936397386914,12.52035384727925,2.109293639738692,-59.043527452316056,56.19539850793857,-26.680138038197153,646.1239920509032,-1205.4001956811749,-26.680138038197153,646.1239920509032,34.60777369715795,115
241,-7.336914073244004,6.569807722264343,2.030354517362559,12.738925545531664,2.030354517362559,-59.28206897704361,53.20845530890946,-27.358574036997346,608.6886372970687,-1177.1236577722384,-27.358574036997346,608.6886372970687,34.8592200092236,115
242,-7.579565969387138,6.626098508758835,1.9441681774423267,12.94707740513412,1.944168177442327,-59.45637826800936,50.0497656815669,-28.020282166456532,569.5644686468407,-1146.665488338306,-28.020282166456532,569.5644686468407,34.984410157417614,115
243,-7.8207185572129525,6.6759073269939915,1.8506335993491139,13.143159737459122,1.8506335993491136,-59.56209474948619,46.72170317048391,-28.66198471227157,528.8094966963338,-1114.084065549594,-28.66198471227157,528.8094966963338,34.979113612124806,115
244,-8.060111033638828,6.718601259148664,1.7496819211477286,13.325465014221699,1.7496819211477281,-59.59481380996671,43.227256148403846,-29.28029130272548,486.48667233068034,-1079.4471074436688,-29.28029130272548,486.48667233068034,34.83978673912982,115
245,-8.29747580938276,6.753528614668834,1.6412800769704023,13.492235743863755,1.6412800769704021,-59.55011138142039,39.57007451519892,-29.87171366263825,442.6641145471435,-1042.8319486786104,-29.87171366263825,442.6641145471435,34.563639554440904,115
246,-8.532538290109786,6.780022057721021,1.525434453122067,13.641673643341058,1.525434453122067,-59.423571355941405,35.754519401212214,-30.43268269456459,397.4153860643972,-1004.3258124884286,-30.43268269456459,397.4153860643972,34.148702115298036,115
247,-8.765016669262858,6.797402266278342,1.4021945123228974,13.771950152688678,1.4021945123228974,-59.210815848058445,31.785715221212964,-30.959567971683533,350.81981157273333,-964.0260639504269,-30.959567971683533,350.81981157273333,33.593889556290755,115
248,-8.994621741769674,6.804982140239428,1.2716563287371676,13.881218322366387,1.2716563287371676,-58.90753826583168,27.66960324642698,-31.44869969525467,302.9628315635025,-922.0404280547464,-31.44869969525467,302.9628315635025,32.89906455350986,115
249,-9.221056748569016,6.80207156843009,1.133965969923488,13.967626082116041,1.133965969923488,-58.509539102524855,23.412995679973736,-31.896393130684956,253.93638275697788,-878.4871536786595,-31.896393130684956,253.93638275697788,32.06509577100272,115
250,-9.44401726259713,6.787982755348592,0.9893226557977592,14.029330874846602,0.9893226557977588,-58.01276430336959,19.023629039411396,-32.29897549008617,203.83929425684804,-833.4951025267169,-32.29897549008617,203.83929425684804,31.09391062276478,115
251,-9.663191127503495,6.762036098090277,0.8379816193817389,14.064515609985172,0.8379816193817391,-57.4133459992332,14.510215473497054,-32.65281517590393,152.7776867317071,-787.2037405245609,-32.65281517590393,152.7776867317071,29.98854048202757,115
252,-9.878258460908238,6.723566592077812,0.6802565897944549,14.071405858038036,0.680256589794455,-56.70764533161243,9.882490473957475,-32.95435324026327,100.86536019944495,-739.7630081758238,-32.95435324026327,100.86536019944495,28.7531563010885,115
253,-10.088891734449632,6.671930731138654,0.5165218149251224,14.048288172216846,0.5165218149251225,-55.892297022344195,5.151255293014141,-33.200136848942165,48.224154415894915,-691.333046136089,-33.200136848942165,48.224154415894915,27.393092483860883,115
254,-10.294755943177487,6.606513853284952,0.347213539804558,13.993529384521317,0.3472135398045584,-54.96425526807948,0.32841225020457376,-33.38685446856787,-5.015735503242306,-642.0837528490684,-33.38685446856787,-5.015735503242306,25.914856794764574,115
255,-10.495508876997292,6.5267378685065305,0.172830857164636,13.905596683455704,0.17283085716463642,-53.920840465549944,-4.5730089850890705,-33.51137242232479,-58.71550670887454,-592.1941526419304,-33.51137242232479,-58.71550670887454,24.3261241065268,115
256,-10.690801506832731,6.432069289300607,-0.006064150680312022,13.783078239625334,-0.006064150680312519,-52.75978620088724,-9.538836108503434,-33.57077238515497,-112.7275787598644,-541.8515552845214,-33.57077238515497,-112.7275787598644,22.635711899971326,115
257,-10.880278497915537,6.322027468922028,-0.18884705443316116,13.62470410504704,-0.18884705443316152,-51.479285866939364,-14.553751880144398,-33.562389316473485,-166.89552593520287,-491.25049175067727,-33.562389316473485,-166.89552593520287,20.853535643121866,115
258,-11.06357886209868,6.196192936902755,-0.3748325730213683,13.42936707352613,-0.3748325730213684,-50.07803820907631,-19.60130675692029,-33.48384925948905,-221.0541312964632,-440.59141581165875,-33.48384925948905,-221.0541312964632,18.990542504080285,115
259,-11.240336760284164,6.054215706780478,-0.563276979117903,13.196143154469183,-0.5632769791179029,-48.555291044997205,-24.663948306997696,-33.33310637425227,-275.0295814666298,-390.07916713021723,-33.33310637425227,-275.0295814666298,17.058622297178246,115
260,-11.410182464926535,5.89582341776221,-0.7533814594718147,12.924311282677106,-0.7533814594718145,-46.91088236021269,-29.723069090276905,-33.10847851964732,-328.6398198758395,-339.92119864131405,-33.10847851964732,-328.6398198758395,15.070495124497217,115
261,-11.572743491084827,5.720829160833,-0.9442964585987909,12.613371863703275,-0.9442964585987907,-45.145277950869335,-34.759074452416456,-32.80868066084361,-381.6950743501542,-290.3255790726194,-32.80868066084361,-381.6950743501542,13.039575848296643,115
262,-11.727645902620708,5.529138831216075,-1.135127015865896,12.263063739936445,-1.1351270158658961,-43.259604771974814,-39.751471369776375,-32.43285535627289,-433.99857234396984,-241.49879027671136,-32.43285535627289,-433.99857234396984,10.979816300226979,115
263,-11.874515797860646,5.320757843696848,-1.3249390852075236,11.87337915822772,-1.3249390852075238,-41.25567915419027,-44.6789790984843,-31.98059957477562,-485.34745381854424,-193.64334834833994,-31.98059957477562,-485.34745381854424,8.90552697868152,115
264,-12.012980976342032,5.095797045696312,-1.512766804044202,11.444576326968239,-1.5127668040442017,-39.13602907816086,-49.519661925342234,-31.451987111509272,-535.5338877515159,-146.95528694748884,-31.451987111509272,-535.5338877515159,6.8311808766975775,115
265,-12.142672785152149,4.854477665597186,-1.697620653983922,10.977189170070588,-1.6976206539839223,-36.90390974329369,-54.251083797698676,-30.84758591225368,-584.3463935606546,-101.62155044251908,-30.84758591225368,-584.3463935606546,4.771202982459496,115
266,-12.263228139860482,4.597135141064328,-1.8784964312215815,10.472033917954235,-1.8784964312215815,-34.563311738824225,-58.85048403353453,-30.168469680830277,-631.5713634092762,-57.81735297986797,-30.168469680830277,-631.5713634092762,2.7397498594694896,115
267,-12.37429171117694,4.324221684192077,-2.0543849199751207,9.930212221537836,-2.0543849199751207,-32.118961219011986,-63.29497269563147,-29.416223233475797,-676.9947755403973,-15.703566898478314,-29.416223233475797,-676.9947755403973,0.750484496088871,115
268,-12.475518264294923,4.036307457326793,-2.2242821386398077,9.35311053401541,-2.2242821386398077,-29.57631160066021,-67.56174357226242,-28.59294117614522,-720.4040826103046,24.5757904460256,-28.59294117614522,-720.4040826103046,-1.1836477353385555,115
269,-12.566575133477613,3.734080255234593,-2.387200006487373,8.742395575864968,-2.3872000064873733,-26.941526438240498,-71.62830206235148,-27.701219613717768,-761.5902526478257,62.895898862715825,-27.701219613717768,-761.5902526478257,-3.0506356999934234,115
270,-12.647144809916654,3.41834361559225,-2.542177259575548,8.100005779532825,-2.5421772595755474,-24.221453287197235,-75.4727046392881,-26.74414075068266,-800.3499339754308,99.15323294210806,-26.74414075068266,-800.3499339754308,-4.839605148674557,115
271,-12.716927616353164,3.090013310048516,-2.6882904289251517,7.428138699404857,-2.6882904289251517,-21.42358853611927,-79.07380599031873,-25.725250406777977,-836.4877094422451,133.26734340524496,-25.725250406777977,-836.4877094422451,-6.541000855843666,115
272,-12.775644437542478,2.7501122016032507,-2.824664682753285,6.729234467339043,-2.824664682753285,-18.556033369158737,-82.41150942438173,-24.648528643004234,-869.8183999052459,165.182255400859,-24.648528643004234,-869.8183999052459,-8.146742014890194,115
273,-12.823039471516571,2.399763489873712,-2.950484328286261,6.005955471094795,-2.950484328286261,-15.627441206468172,-85.46701573651431,-23.518353867480876,-900.1693723252646,194.8674249868586,-23.518353867480876,-900.1693723252646,-9.65034525842982,115
274,-12.858882962918091,2.04018240289081,-3.065002767923341,5.261162529047199,-3.0650027679233407,-12.646957157053118,-88.22306543582215,-22.33946096033263,-927.3828043818254,222.31820603800554,-22.33946096033263,-927.3828043818254,-11.047010561875958,115
275,-12.882973876611564,1.672666431212251,-3.1675517095918133,4.497887926075558,-3.1675517095918133,-9.62415019955743,-90.6641691071413,-21.116894115618408,-951.3178553908041,247.55579351677258,-21.116894115618408,-951.3178553908041,-12.333666443819213,115
276,-12.895142467485796,1.2985842361016964,-3.257549442116455,3.7193057589456116,-3.257549442116455,-6.568938976235938,-92.77682069972101,-19.85595523986677,-971.852692724715,270.6266249585082,-19.85595523986677,-971.852692724715,-13.508972253825293,115
277,-12.895252700995313,0.9193633970422459,-3.334508003172511,2.928700111561536,-3.334508003172511,-3.491512238039034,-94.54968872893836,-18.562148865223108,-988.8863240213395,291.6012395237212,-18.562148865223108,-988.8863240213395,-14.573276877395841,115
278,-12.883204478677808,0.5364771937146572,-3.3980390895106036,2.129431638239204,-3.3980390895106036,-0.402245109060685,-95.9737807413529,-17.241124625589435,-1002.3401882855117,310.5726122974051,-17.241124625589435,-1002.3401882855117,-15.52853481573613,115
279,-12.858935623728314,0.15143064266592002,-3.4478585860120967,1.324903174288124,-3.4478585860120963,2.688387558042138,-97.04257692350087,-15.89861840264997,-1012.1594635233382,327.65399981572995,-15.89861840264997,-1012.1594635233382,-16.378182232055416,115
280,-12.822423583770275,-0.23425397171998624,-3.4837896209204757,0.5185250160311325,-3.4837896209204757,5.769899391363785,-97.75212941673773,-14.540393272944083,-1018.3140546944011,342.9763501829225,-14.540393272944083,-1018.3140546944011,-17.126977109855186,115
281,-12.773686811257347,-0.619051819397683,-3.5057640882917824,-0.28631948394336226,-3.5057640882917824,8.831880890164115,-98.10112471247261,-13.172181376314771,-1020.7992333379965,356.6853467327308,-13.172181376314771,-1020.7992333379965,-17.780809057518972,115
282,-12.71278578643708,-1.0014502414195823,-3.5138226141770947,-1.086307376041763,-3.5138226141770947,11.864086608178566,-98.09090741568646,-11.799627780887919,-1019.6359089584143,368.9381671923299,-11.799627780887919,-1019.6359089584143,-18.34648544101516,115
283,-12.639823653428406,-1.3799632038467577,-3.508112979079915,-1.8782080311347984,-3.5081129790799146,14.856519772009515,-97.72546464559827,-10.428237342515574,-1014.8705218111595,379.90005005567207,-10.428237342515574,-1014.8705218111595,-18.83150136982181,115
284,-12.554946446579603,-1.7531452395760048,-3.4888870445882447,-2.6589129707023953,-3.4888870445882447,17.79951304099124,-97.01137135288829,-9.063325451060424,-1006.5745567380626,389.7407658786065,-9.063325451060424,-1006.5745567380626,-19.243801555691235,115
285,-12.45834289170775,-2.1196046437604217,-3.45649626557347,-3.425463129439955,-3.45649626557347,20.68380421062435,-95.95769783349483,-7.709973426876621,-994.8436877493294,398.6310931908103,-7.709973426876621,-994.8436877493294,-19.591542186489846,115
286,-12.350243774860726,-2.478015709515214,-3.4113858998778293,-4.1750731471460965,-3.4113858998778293,23.500605785391745,-94.57588167063041,-6.37298918412287,-979.7965727357815,406.7393966292018,-6.37298918412287,-979.7965727357815,-19.88286070794269,115
287,-12.230920879645684,-2.8271298168805106,-3.354088054026984,-4.905152372245183,-3.354088054026984,26.24166749410735,-92.8795672029548,-5.056873619417644,-961.5733266263078,414.2283989130003,-5.056873619417644,-961.5733266263078,-20.125660807201218,115
288,-12.100685502670707,-3.165785218541482,-3.2852137254352414,-5.613322349903553,-3.2852137254352414,28.899330986789533,-90.88441636602182,-3.76579302128649,-940.3337091372985,421.25222879392965,-3.76579302128649,-940.3337091372985,-20.32741898677464,115
289,-11.95988656498079,-3.4929153994342803,-3.2054440182641235,-6.297430659916609,-3.205444018264124,31.466576130759993,-88.60789536068256,-2.5035576341709724,-916.255069707433,427.9538146995883,-2.5035576341709724,-916.255069707433,-20.495017965403502,115
290,-11.80890834527111,-3.80755592288105,-3.115520721224705,-6.955561060074278,-3.115520721224705,33.937058509434635,-86.06904204797661,-1.2736063562713058,-889.5300970626888,434.46267915487516,-1.2736063562713058,-889.5300970626888,-20.63461081580152,115
291,-11.64816786788464,-4.108849712066067,-3.0162364410888283,-7.586039976539972,-3.0162364410888287,36.305137914258424,-83.2882192451961,-0.07899740825362844,-860.3644239875441,440.89317301242994,-0.07899740825362844,-860.3644239875441,-20.751518326204312,115
292,-11.478111984931232,-4.396050751304011,-2.908424485625835,-8.187439461322963,-2.908424485625835,38.56589780291632,-80.28685920049718,1.0775953160289546,-828.9741392508073,447.3431718759983,1.0775953160289546,-828.9741392508073,-20.850160632467524,115
293,-11.299214197122831,-4.668526225564811,-2.7929486844455953,-8.75857680610833,-2.7929486844455953,40.71515587024479,-77.08720445975271,2.193880612131334,-795.583258294776,453.893240664872,2.193880612131334,-795.583258294776,-20.93402278456189,115
294,-11.111971261971508,-4.9257571481511535,-2.670693326315325,-9.298511060030318,-2.670693326315325,42.74946603778928,-73.71205012235039,3.26794352143221,-760.4212023667296,460.60625677668804,3.26794352143221,-760.4212023667296,-21.00565265104351,115
295,-10.916899640760134,-5.16733755447815,-2.542553377575974,-9.806536745496517,-2.542553377575974,44.66611231004981,-70.18449213123047,4.2982346249204895,-723.7203324388046,467.5274683828185,4.2982346249204895,-723.7203324388046,-21.066688480023664,115
296,-10.71453183713686,-5.392972363975482,-2.4094251290609243,-10.28217510052949,-2.4094251290609243,46.46309506739892,-66.5276857798162,5.283555659030994,-685.7135797608433,474.68495252078196,5.283555659030994,-685.7135797608433,-21.117912563002033,115
297,-10.505412680320845,-5.602474031808841,-2.272197399220314,-10.72516319843206,-2.272197399220314,48.13911046558225,-62.7646180705841,6.2230420585033945,-646.6322094874836,482.0904281633725,6.2230420585033945,-646.6322094874836,-21.159326810497554,115
298,-10.29009560480144,-5.795758127182528,-2.131743399801094,-11.135441306491867,-2.131743399801094,49.693523688660534,-58.917896953991956,7.116143032499674,-606.703747796707,489.74037251976375,7.116143032499674,-606.703747796707,-21.19024565208448,115
299,-10.069138976167588,-5.972837985409509,-1.9889133482285082,-11.513138845879027,-1.988913348228508,51.126336856129456,-55.00955983914608,7.962599764792863,-566.1500965514953,497.61738448626136,7.962599764792863,-566.1500965514953,-21.209401510555626,115
300,-9.84310250945593,-6.1338185868509765,-1.8445278885321075,-11.858559306078579,-1.844527888532108,52.438152416393464,-51.060903124209446,8.76242229940876,-525.1858531129702,505.6917373076291,8.76242229940876,-525.1858531129702,-21.215058151019527,115
301,-9.612543822313196,-6.278889817514023,-1.6993723609337588,-12.172164450548728,-1.699372360933759,53.630132869097395,-47.09233386771908,9.51586563253338,-484.01684662857633,513.9230629191026,9.51586563253338,-484.01684662857633,-21.205127442286926,115
302,-9.378015160508383,-6.4083192639433335,-1.554191939647686,-12.454558127304946,-1.5541919396476862,54.70395764986521,-43.12324413094815,10.223405482655984,-442.83889619359087,522.2621128170532,10.223405482655984,-442.83889619359087,-21.177285455357325,115
303,-9.14006032808403,-6.522444689529846,-1.4096876395057116,-12.706469970320367,-1.4096876395057116,55.661777985018944,-39.17190798156666,10.885714156563168,-401.836790878432,530.652544301652,10.885714156563168,-401.836790878432,-21.129084324519035,115
304,-8.899211848887315,-6.621666331017139,-1.2665131750763372,-12.92873924646928,-1.2665131750763368,56.5061704833546,-35.25540067150915,11.503636871455035,-361.1834868457615,539.0326861698213,11.503636871455035,-361.1834868457615,-21.058056872464928,115
305,-8.655988380543713,-6.706439143376777,-1.125272641241571,-13.122299069592257,-1.125272641241571,57.240090179711046,-31.38953909448703,12.078168835358733,-321.0395127254171,547.3372440312442,12.078168835358733,-321.0395127254171,-20.96181161571418,115
306,-8.410892396289352,-6.777265108909147,-0.9865189718731104,-13.288161169351646,-0.9865189718731107,57.86682368356604,-27.588842294666062,12.610433331053297,-281.55257110828217,555.4989120125141,12.610433331053297,-281.55257110828217,-20.83811638798072,115
307,-8.164408144605929,-6.834685712950558,-0.8507531233542346,-13.427401368934435,-0.8507531233542346,58.389943017860965,-23.866510538013102,13.101660994419154,-242.85732146390316,563.4498643773145,13.101660994419154,-242.85732146390316,-20.684969419277717,115
308,-7.9169998914233926,-6.8792746744376085,-0.7184239221848865,-13.541145893226506,-0.7184239221848865,58.81326066116544,-20.234421269239835,13.553170427655177,-205.07532795332983,571.1231072418716,13.553170427655177,-205.07532795332983,-20.500657265399536,115
309,-7.669110444870593,-6.911631005252726,-0.5899285106749865,-13.63055859852425,-0.5899285106749863,59.14078623240246,-16.703140155488736,13.966350241985122,-168.31515444805547,578.4536768745356,13.966350241985122,-168.31515444805547,-20.283799479672638,115
310,-7.421159958235071,-6.93237245814825,-0.46561332160717966,-13.6968291866899,-0.4656133216071795,59.37668518366639,-13.281945356560255,14.342642583822832,-132.6725885105082,585.379676859921,14.342642583822832,-132.6725885105082,-20.033380345818557,115
311,-7.173545002993386,-6.942129409454423,-0.345775511527857,-13.741162441254293,-0.3457755115278569,59.52523979489163,-9.978863153157075,14.683528163124386,-98.23097606325038,591.843151557911,14.683528163124386,-98.23097606325038,-19.748768341863833,115
312,-6.926637900520748,-6.941539209986526,-0.2306647827684644,-13.764768500536764,-0.23066478276846447,59.59081269568233,-6.80071310126156,14.990512772845417,-65.06164888883687,597.7907977210389,14.990512772845417,-65.06164888883687,-19.429724279138945,115
313,-6.680786298395141,-6.93124102578177,-0.12048552615893776,-13.768854163473238,-0.12048552615893782,59.577813075604126,-3.7531609541721442,15.265115263880768,-33.22442787539071,603.1745198182124,15.265115263880768,-33.22442787539071,-19.07639926004714,115
314,-6.436312975069094,-6.911871179659933,-0.015399219418362904,-13.754615207499343,-0.015399219418363086,59.49066568549783,-0.8407776958721737,15.508856920291386,-2.7681859719875437,607.9518375523929,15.508856920291386,-2.7681859719875437,-18.689323728760456,115
315,-6.1935158550705625,-6.884058995199822,0.08447297985237949,-13.723229684421348,0.08447297985237967,59.33378267945765,1.932896847269563,15.723252164623126,26.268543933980162,612.086156287185,15.723252164623126,26.268543933980162,-18.269388957584773,115
316,-5.952668215781962,-6.8484231365951524,0.17904750302846734,-13.675852149553828,0.1790475030284675,59.111538300347966,4.56528721184357,15.909800512231334,53.85692962746356,615.5469126662427,15.909800512231334,53.85692962746356,-17.81782232691771,115
317,-5.714019066191173,-6.805568430994152,0.2682755525313992,-13.613608771292988,0.2682755525313991,58.828246371218604,7.054713569346527,16.06997968625182,79.97718062769243,618.3096086883872,16.06997968625182,79.97718062769243,-17.33615772754341,115
318,-5.477793677764257,-6.7560831542998665,0.35214024310754916,-13.537593262481327,0.3521402431075491,58.48814052065578,9.400322165492101,16.205239800699296,104.6178802003629,620.3557479673739,16.205239800699296,104.6178802003629,-16.826202349534082,115
319,-5.244194247706694,-6.700536756947914,0.4306537428369977,-13.44886357114036,0.43065374283699764,58.095357041762774,11.60201588021234,16.31699851763796,127.77531737933158,621.6726879388012,16.31699851763796,127.77531737933158,-16.2900010309215,115
320,-5.013400675306105,-6.639478002800388,0.5038544489551051,-13.34843926613393,0.503854448955105,57.65392026177478,13.660385719076855,16.40663708498802,149.45282667502764,622.2534214574691,16.40663708498802,149.45282667502764,-15.729799229527588,115
321,-4.7855714327335654,-6.573433491900385,0.5718042282812145,-13.237299552812056,0.5718042282812146,57.167730281870575,15.57664391176335,16.47549716387588,169.66014184728581,622.0963006326042,16.47549716387588,169.66014184728581,-15.14800555996107,115
322,-4.560844512573162,-6.5029065363142395,0.6345857470044372,-13.116381854420943,0.634585747004437,56.64055293408183,17.352559167542072,16.52487835811357,188.4127689205452,621.2047149456432,16.52487835811357,188.4127689205452,-14.547154710854212,115
323,-4.339338435404177,-6.428376357537785,0.6922999098460724,-12.986580896812411,0.6922999098460723,56.07601179382098,18.990394522774825,16.556036363058837,205.73138253025382,619.5867347481761,16.556036363058837,205.73138253025382,-13.92987142994226,115
324,-4.121153301932909,-6.350297573848486,0.7450634242515587,-12.848748236529037,0.7450634242515588,55.47758208193525,20.492848111897207,16.57018165646241,221.64124871620734,617.2547302003711,16.57018165646241,221.64124871620734,-13.298836140576174,115
325,-3.9063718754251804,-6.269099946440939,0.7930065012932336,-12.703692175485632,0.7930065012932336,54.84858628883805,21.862997101496333,16.56847865969521,236.1716764221316,614.2249746283871,16.56847865969521,236.1716764221316,-12.65675263575259,115
326,-3.6950606814885494,-6.185188354087822,0.8362707014058134,-12.552178009041002,0.8362707014058133,54.19219135467048,23.10424494682406,16.552045303755875,249.35549921865612,610.5172401904359,16.552045303755875,249.35549921865612,-12.00631818693191,115
327,-3.4872711135686973,-6.098942967328943,0.8750069299316727,-12.394928558108344,0.8750069299316727,53.51140724313725,24.220272060960724,16.521952940510065,261.22858813318686,606.1543926748096,16.521952940510065,261.22858813318686,-11.350196306237118,115
328,-3.2830405338291935,-6.010719594722683,0.9093735847167083,-12.232624939960857,0.9093735847167083,52.809086752202404,25.21498992827766,16.479226545572118,271.82939593811165,601.1619912320699,16.479226545572118,271.82939593811165,-10.690992312889364,115
329,-3.082393360359716,-5.920850175421771,0.9395348556534628,-12.065907536446403,0.9395348556534626,52.087926411822856,26.09249864503937,16.424845164997105,281.1985328093791,595.5678978839236,16.424845164997105,281.1985328093791,-10.03123177823371,115
330,-2.8853421328853424,-5.829643394192406,0.9656591740954317,-11.895377122344104,0.9656591740954317,51.35046832697921,26.85704783009659,16.359742563428586,289.3783729117555,589.4019007641892,16.359742563428586,289.3783729117555,-9.37334185831766,115
331,-2.69188855031771,-5.737385396926001,0.987917808438708,-11.721596120508732,0.9879178084387079,50.59910283311739,27.513000816728688,16.28480803648732,296.4126911853393,582.6953542391583,16.28480803648732,296.4126911853393,-8.719635468278778,115
332,-2.5020244745872096,-5.644340586648185,1.0064836008552587,-11.545089954202307,1.0064836008552587,49.8360718404632,28.064802011871397,16.200887354951824,302.34632939071884,575.4808383284501,16.200887354951824,302.34632939071884,-8.072298208121097,115
333,-2.315732896216099,-5.550752481970538,1.0215298391364367,-11.366348470566745,1.0215298391364365,49.063472753276336,28.51694729033195,16.108783812653794,307.22489030864057,567.7918392031935,16.108783812653794,307.22489030864057,-7.433377914007464,115
334,-2.132988858033845,-5.456844621825402,1.033229256833932,-11.185827412520066,1.0332292568339323,48.28326285977396,28.873957278259887,16.009259353980593,311.0944588754181,559.6624519737762,16.009259353980593,311.0944588754181,-6.804776682077381,115
335,-1.953760334292833,-5.362821502147496,1.0417531543386707,-11.003949919443041,1.0417531543386707,47.49726409800706,29.14035337133071,15.903035760449274,314.0013489600433,551.1271064907584,15.903035760449274,314.0013489600433,-6.1882451920809896,115
336,-1.7780090632176249,-5.268869531899746,1.0472706331859598,-10.821108039855325,1.0472706331859598,46.70716811228782,29.32063632805065,15.790795879001145,315.99187444577353,542.2203164648912,15.790795879001145,315.99187444577353,-5.585379144871367,115
337,-1.6056913317132895,-5.175157997470656,1.0499479356900758,-10.63766424185669,1.049947935690076,45.914541523732936,29.419267276652292,15.673184877481255,317.11214326178583,532.9764518599928,15.673184877481255,317.11214326178583,-4.99761762011108,115
338,-1.4367587115719243,-5.081840025988362,1.0499478819670418,-10.453952909434687,1.0499478819670418,45.12083134703303,29.440650974618798,15.550811515235738,317.4078730137442,523.4295342197322,15.550811515235738,317.4078730137442,-4.426243157572833,115
339,-1.2711587470539056,-4.989053539496746,1.0474293964769528,-10.270281814821194,1.0474293964769528,44.32737049361986,29.389121162435394,15.424249418904937,316.92422688121775,513.6130543501735,15.424249418904937,316.92422688121775,-3.872383366350701,115
340,-1.108835594185759,-4.896922193219726,1.04254711638506,-10.08693355892851,1.04254711638506,43.53538330894441,29.2689278572679,15.29403835534001,315.7056684808338,503.5598115882849,15.29403835534001,315.7056684808338,-3.3370138704272314,115
341,-0.9497306125152274,-4.8055562923025175,1.0354510742844545,-9.90416697352418,1.0354510742844545,42.74599109858078,29.084226437523228,15.160685495150691,313.7958344335453,493.30177373687934,15.160685495150691,313.7958344335453,-2.8209624057134652,115
342,-0.7937829103996319,-4.715053682464896,1.026286448125635,-9.722218480226854,1.0262864481256349,41.96021760431822,28.839068375337536,15.024666661730686,311.2374234198113,482.86995663325075,15.024666661730686,311.2374234198113,-2.324913892316438,115
343,-0.6409298451825612,-4.625500610936945,1.015193371544254,-9.541303402639794,1.015193371544254,41.178994397306205,28.537393480689513,14.886427561730425,308.0721005556157,472.29432223721636,14.886427561730425,308.0721005556157,-1.8494163158942554,115
344,-0.4911074798396545,-4.536972554876669,1.0023067981551341,-9.36161722899918,1.0023067981551341,40.40316616067812,28.183023527834877,14.746384993880291,304.34041597345595,461.6036940698044,14.746384993880291,304.34041597345595,-1.3948872630936275,115
345,-0.34425099785363616,-4.449535015198769,0.9877564137770827,-9.183336823618468,0.9877564137770828,39.63349583892295,27.779657141924687,14.60492803383475,300.081736544408,450.8256888024411,14.60492803383475,300.081736544408,-0.9616209678637686,115
346,-0.20029507821463416,-4.3632442743804845,0.9716665909597678,-9.00662158617273,0.9716665909597678,38.87066963561739,27.33086583086442,14.462419193332323,295.334189729151,439.9866627844814,14.462419193332323,295.334189729151,-0.5497957375890312,115
347,-0.05917423254104038,-4.278148117361992,0.9541563805932668,-8.831614558503865,0.9541563805932669,38.11530184500605,26.84009105458816,14.319195552467038,290.1346185967692,429.1116723011491,14.319195552467038,290.1346185967692,-0.15948164022481226,115
348,40.0,-4.194286515131638,0.9353395357865163,-8.658443479152833,0.9353395357865162,37.36793950634725,26.310642230879907,54.096392970645134,296.03792959143027,490.05530637158756,54.096392970645134,296.03792959143027,0.24530820700886657,115
349,40.0,-4.111692270988032,0.9153245635976581,-8.487221786252697,0.9153245635976581,36.62906687296215,25.74569558361332,53.817008377853284,289.9966840282605,478.4649359422785,53.817008377853284,289.9966840282605,0.6540417367940492,115
350,40.0,-4.030391629808654,0.894214800583323,-8.318049569758553,0.8942148005833228,35.899109690564735,25.148293745763393,53.540418990740804,283.6033548960208,466.9181873698829,53.540418990740804,283.6033548960208,1.0399951524088458,115
351,40.0,-3.9504048509343277,0.8721085085020577,-8.151014474258673,0.8721085085020577,35.178439281738065,24.52134603573974,53.266807453964894,276.8894833389705,455.4345832284072,53.266807453964894,276.8894833389705,1.403487565376735,115
352,40.0,-3.8717467455078447,0.8490989868573597,-7.986192553816702,0.8490989868573597,34.46737643539577,23.86762933148987,52.99633724262764,269.88524071001564,444.0323127393491,52.99633724262764,269.88524071001564,1.7449071993647944,115
353,40.0,-3.7944271792880695,0.8252746992964426,-7.823649080445744,0.8252746992964426,33.76619510174633,23.18978947241352,52.72915377839583,262.6194327487892,432.7282510845496,52.72915377839583,262.6194327487892,2.064703918997385,115
354,40.0,-3.7184515421046687,0.800719411191162,-7.663439307921547,0.800719411191162,33.075125894701394,22.49034312441844,52.465385494015464,255.11950950876488,421.5379848915578,52.465385494015464,255.11950950876488,2.3633820206558758,115
355,40.0,-3.6438211852270905,0.775512336016865,-7.505609192709706,0.775512336016865,32.39435940485335,21.77168004843682,52.20514484836551,247.41158042096313,410.47584303359025,52.20514484836551,247.41158042096313,2.64149332010438,115
356,40.0,-3.5705338280003724,0.7497282884134935,-7.350196073819106,0.7497282884134935,31.724049327127858,21.036065717424876,51.94852929414709,239.5204339182415,399.55493194368694,51.94852929414709,239.5204339182415,2.8996305643331146,115
357,40.0,-3.498583935152974,0.7234378420610047,-7.1972293134048435,0.7234378420610048,31.064315408008124,20.285644231287208,51.695622200236755,231.4695610791895,388.7871747001805,51.695622200236755,231.4695610791895,3.138421188261916,115
358,40.0,-3.4279630662125764,0.696707490728916,-7.046730899934794,0.696707490728916,30.415246217857383,19.522441483324574,51.446493730654346,223.28118278452112,378.1833531976652,51.446493730654346,223.28118278452112,3.3585214308795783,115
359,40.0,-3.3586601984779136,0.6695998110680335,-6.8987160157087075,0.6695998110680335,29.776901754352735,18.74836853570565,51.20120168201152,214.9762799115414,367.7531527736812,51.20120168201152,214.9762799115414,3.5606108199873336,115
360,40.0,-3.290662024990988,0.6421736259021184,-6.753193570480466,0.6421736259021185,29.14931588340275,17.965225165124362,50.95979228121738,206.57462612385703,357.50520871591846,50.95979228121738,206.57462612385703,3.7453870299393515,115
